first_name,last_name,title,company,seniority,departments,company_size_employees,industry,keywords,city,state,country,company_address,company_phone,technologies,annual_revenue_usd,total_funding_usd,latest_funding_amount_usd,pain_points,engagement_rate,ICP1,ICP2,ICP3,ICP4,ICP5
Amit,Iyer,Chief Medical Officer,Company170,Chief,Engineering,289,Healthcare Tech,"TensorFlow, AWS, IOT",Gurgaon,Haryana,India,"169 Tech Road, Gurgaon, Haryana, India",+91 9535507987,"TensorFlow, IOT, AWS",14934780,6998690,2486303,"Medical device integration, Data privacy compliance",86,1,0,0,0,0
Kiran,Singh,Chief Medical Officer,Company178,Chief,Engineering,219,MedTech,"Edge AI, AWS, COBOL",Gurgaon,Haryana,India,"164 Tech Road, Gurgaon, Haryana, India",+91 8045888956,"Edge AI, COBOL, FHIR, AWS",21517865,8617255,7905356,"Real-time patient monitoring, MEDICAL DEVICE INTEGRATION",95,1,0,0,0,0
Sneha,Singh,Director of Product,Company146,Director,Engineering,391,MedTech,"AWS, Kubernetes, IoT",Pune,Maharashtra,India,"80 Tech Road, Pune, Maharashtra, India",+91 7912141384,"IoT, AWS, Kubernetes",13644397,3597414,2096955,"Real-time patient monitoring, Data privacy compliance",88,1,0,0,0,0
Anil,Joshi,Chief Medical Officer,Company662,Chief,Engineering,354,Wearable Tech,"Python, FHIR, TensorFlow",Hyderabad,Telangana,India,"50 Tech Road, Hyderabad, Telangana, India",+91 7982193895,"TensorFlow, Python, FHIR",20355867,3913031,1643233,"AI model explainability, Medical device integration, Low adoption",79,1,0,0,0,0
Anil,Das,Director of Product,Company954,Director,Engineering,413,Wearable Tech,"fhir, IoT, Python",Bangalore,Karnataka,India,"130 Tech Road, Bangalore, Karnataka, India",+91 8143545206,"fhir, Python, IoT",19035522,8539925,3109418,"AI model explainability, Slow hiring, Medical device integration",69,1,0,0,0,0
Priya,Reddy,Director of Product,Company142,Director,Engineering,315,AI in Healthcare,"kubernetes, Edge AI, TENSORFLOW",Pune,Maharashtra,India,"153 Tech Road, Pune, Maharashtra, India",+91 8132014878,"Edge AI, TENSORFLOW, kubernetes",23965406,7303491,4542275,"Medical device integration, Data privacy compliance",82,1,0,0,0,0
Ritu,Das,Head of AI,Company568,Head,Engineering,263,Healthcare Tech,"python, TensorFlow, AWS",Mumbai,Maharashtra,India,"147 Tech Road, Mumbai, Maharashtra, India",+91 9861934327,"TensorFlow, python, AWS",36026509,8457788,5923115,"AI model explainability, Real-time patient monitoring",83,1,0,0,0,0
Neha,Nair,Jr Engineer,Company983,Jr,Engineering,386,MedTech,"Edge AI, AWS, IoT",Mumbai,Maharashtra,India,"39 Tech Road, Mumbai, Maharashtra, India",+91 7129784341,"Edge AI, AWS, IoT",22602499,11136276,6264531,"Real-time patient monitoring, Medical device integration",69,1,0,0,0,0
Vivek,Patel,Head of AI,Company612,Head,Engineering,577,Retail,"IOT, TensorFlow, Kubernetes",Pune,Maharashtra,India,"82 Tech Road, Pune, Maharashtra, India",+91 8964349472,"IOT, TensorFlow, Kubernetes",35633092,9459070,3627589,"Real-time patient monitoring, Medical device integration",89,1,0,0,0,0
Sneha,Iyer,Director of Product,Company624,Director,Engineering,641,Healthcare Tech,"FHIR, Kubernetes, Python",Gurgaon,Haryana,India,"129 Tech Road, Gurgaon, Haryana, India",+91 9135248586,"Python, FHIR, Kubernetes",36549783,5706266,1642390,"Real-time patient monitoring, Medical device integration",85,1,0,0,0,0
Ritu,Das,Head of AI,Company799,Head,Engineering,643,Healthcare Tech,"Python, tensorflow, FHIR",Chennai,Tamil Nadu,India,"75 Tech Road, Chennai, Tamil Nadu, India",+91 8972024761,"tensorflow, Python, FHIR",33784393,5844800,1462317,"AI model explainability, Medical device integration",70,1,0,0,0,0
Amit,Singh,CTO,Company730,Manager,Engineering,731,Wearable Tech,"FHIR, AWS, VBScript",Hyderabad,Telangana,India,"146 Tech Road, Hyderabad, Telangana, India",+91 8243656003,"VBScript, FHIR, AWS, IoT",31313095,5489234,5053811,"data privacy compliance, Medical device integration",92,1,0,0,0,0
Kiran,Das,Head of AI,Company150,Head,Engineering,462,Healthcare Tech,"PYTHON, COBOL, Kubernetes",Bangalore,Karnataka,India,"84 Tech Road, Bangalore, Karnataka, India",+91 8069873141,"TensorFlow, COBOL, Kubernetes, PYTHON",19756180,5888323,873309,"Medical device integration, Data privacy compliance",65,1,0,0,0,0
Ritu,Nair,Head of AI,Company826,Head,Engineering,528,Wearable Tech,"iot, Kubernetes, FHIR",Pune,Maharashtra,India,"148 Tech Road, Pune, Maharashtra, India",+91 7089496756,"iot, FHIR, Kubernetes",30658729,9326675,8280244,"UI bugs, data privacy compliance, real-time patient monitoring",71,1,0,0,0,0
Priya,Singh,CTO,Company870,Manager,Engineering,484,Healthcare Tech,"PYTHON, Kubernetes, IoT",Mumbai,Maharashtra,India,"21 Tech Road, Mumbai, Maharashtra, India",+91 9364770312,"PYTHON, IoT, Kubernetes",18385166,2374898,1320842,"Real-time patient monitoring, MEDICAL DEVICE INTEGRATION",87,1,0,0,0,0
Priya,Joshi,Director of Product,Company104,Director,Engineering,343,Wearable Tech,"Python, IoT, EDGE AI",Chennai,Tamil Nadu,India,"48 Tech Road, Chennai, Tamil Nadu, India",+91 8981274340,"EDGE AI, Python, IoT",20264008,3014845,2080031,"Medical device integration, Data privacy compliance",91,1,0,0,0,0
Deepak,Singh,Head of AI,Company796,Head,Engineering,147,MedTech,"FHIR, aws, Python",Mumbai,Maharashtra,India,"127 Tech Road, Mumbai, Maharashtra, India",+91 8172365122,"Python, aws, FHIR",27726706,2338633,995514,"Real-time patient monitoring, Medical device integration",65,1,0,0,0,0
Ritu,Joshi,CTO,Company634,Manager,Engineering,345,MedTech,"Kubernetes, TensorFlow, VBScript",Mumbai,Maharashtra,India,"187 Tech Road, Mumbai, Maharashtra, India",+91 8028149651,"TensorFlow, Edge AI, VBScript, Kubernetes",29994445,7193377,3185820,"REAL-TIME PATIENT MONITORING, Data privacy compliance",70,1,0,0,0,0
Amit,Patel,CTO,Company498,Manager,Engineering,1156,Wearable Tech,"FHIR, Kubernetes, Python",Chennai,Tamil Nadu,India,"114 Tech Road, Chennai, Tamil Nadu, India",+91 9596714080,"Python, FHIR, Kubernetes",26344191,12501128,9999165,"AI model explainability, Data privacy compliance",86,1,0,0,0,0
Neha,Das,QA Tester,Company971,QA,Engineering,252,AI in Healthcare,"EDGE AI, AWS, Python",Bangalore,Karnataka,India,"65 Tech Road, Bangalore, Karnataka, India",+91 7713197448,"EDGE AI, Python, AWS",39939769,7764779,1883366,"Real-time patient monitoring, data privacy compliance, Legacy tools",70,1,0,0,0,0
Neha,Singh,Business Analyst,Company320,Business,Engineering,601,Healthcare Tech,"IoT, kubernetes, Python",Mumbai,Maharashtra,India,"140 Tech Road, Mumbai, Maharashtra, India",+91 7383854679,"Python, IoT, kubernetes",39393819,4814415,3161060,"AI model explainability, Medical device integration",75,1,0,0,0,0
Raj,Verma,Jr Engineer,Company922,Jr,Engineering,105,Healthcare Tech,"Edge AI, Kubernetes, IoT",Bangalore,Karnataka,India,"10 Tech Road, Bangalore, Karnataka, India",+91 7165177372,"Edge AI, Kubernetes, IoT",39458368,10238334,6978123,"Real-time patient monitoring, Data privacy compliance",81,1,0,0,0,0
Anil,Patel,Director of Product,Company705,Director,Engineering,793,AI in Healthcare,"AWS, TENSORFLOW, IoT",Pune,Maharashtra,India,"16 Tech Road, Pune, Maharashtra, India",+91 9963005885,"TENSORFLOW, AWS, IoT",29261337,5811758,878334,"AI model explainability, Data privacy compliance",88,1,0,0,0,0
Priya,Das,CTO,Company185,Manager,Engineering,115,Wearable Tech,"Kubernetes, Fortran, TensorFlow",Hyderabad,Telangana,India,"81 Tech Road, Hyderabad, Telangana, India",+91 8001272677,"TensorFlow, PYTHON, Fortran, Kubernetes",19634701,7898730,3484171,"Real-time patient monitoring, Data privacy compliance",79,1,0,0,0,0
Sneha,Das,Director of Product,Company589,Director,Engineering,297,Healthcare Tech,"Kubernetes, Python, TensorFlow",Pune,Maharashtra,India,"20 Tech Road, Pune, Maharashtra, India",+91 9063009874,"TensorFlow, Python, Kubernetes",11201805,3527962,3305628,"AI model explainability, data privacy compliance",81,1,0,0,0,0
Neha,Verma,Head of AI,Company579,Head,Engineering,316,Retail,"edge ai, Kubernetes, AWS",Mumbai,Maharashtra,India,"57 Tech Road, Mumbai, Maharashtra, India",+91 8330793835,"edge ai, AWS, Kubernetes",30592058,11785923,615569,"Medical device integration, Data privacy compliance",89,1,0,0,0,0
Sneha,Patel,Director of Product,Company694,Director,Engineering,793,Healthcare Tech,"TensorFlow, Edge AI, Python",Chennai,Tamil Nadu,India,"69 Tech Road, Chennai, Tamil Nadu, India",+91 7756054639,"TensorFlow, Edge AI, Python",33591952,7218842,4969236,"AI model explainability, Real-time patient monitoring",75,1,0,0,0,0
Anil,Patel,Director of Product,Company219,Director,Engineering,235,Retail,"Kubernetes, Fortran, iot",Chennai,Tamil Nadu,India,"68 Tech Road, Chennai, Tamil Nadu, India",+91 7536467588,"Edge AI, iot, Fortran, Kubernetes",14859927,5454534,2784654,"ai model explainability, Data privacy compliance",79,1,0,0,0,0
Amit,Sharma,Head of AI,Company273,Head,Engineering,467,MedTech,"kubernetes, python, TensorFlow",Gurgaon,Haryana,India,"27 Tech Road, Gurgaon, Haryana, India",+91 8027630627,"TensorFlow, python, kubernetes",24052509,9910379,2021508,"AI model explainability, Real-time patient monitoring, Legacy tools",93,1,0,0,0,0
Ritu,Joshi,Head of AI,Company737,Head,Engineering,411,Wearable Tech,"Edge AI, TensorFlow, Kubernetes",Chennai,Tamil Nadu,India,"149 Tech Road, Chennai, Tamil Nadu, India",+91 7091278311,"TensorFlow, Edge AI, Kubernetes",37132683,6363779,1812513,"Real-time patient monitoring, Data privacy compliance",77,1,0,0,0,0
Vivek,Iyer,Jr Engineer,Company435,Jr,Engineering,422,Retail,"fhir, iot, COBOL",Bangalore,Karnataka,India,"178 Tech Road, Bangalore, Karnataka, India",+91 7918829564,"fhir, iot, COBOL, AWS",37227283,3640017,906572,"UI bugs, Medical device integration, Data privacy compliance",82,0,0,0,0,0
Sneha,Iyer,Business Analyst,Company599,Business,Engineering,9979,Retail,"Kubernetes, Edge AI, Python",Gurgaon,Haryana,India,"133 Tech Road, Gurgaon, Haryana, India",+91 7947634767,"Edge AI, Python, Kubernetes",18599210,5212884,5042946,"AI model explainability, Real-time patient monitoring",91,0,0,0,0,0
Kiran,Nair,CTO,Company134,Manager,Engineering,793,Retail,"TensorFlow, Python, AWS",Bangalore,Karnataka,India,"165 Tech Road, Bangalore, Karnataka, India",+91 9545374618,"TensorFlow, Python, AWS",21201932,4274290,1734078,"AI model explainability, Real-time patient monitoring, UI bugs",88,0,0,0,0,0
Priya,Iyer,Business Analyst,Company295,Business,Engineering,438,Retail,"Fortran, IoT, Python",Pune,Maharashtra,India,"175 Tech Road, Pune, Maharashtra, India",+91 7104855416,"Python, Fortran, FHIR, IoT",14497334,3285151,1670771,"Real-time patient monitoring, Legacy tools, Medical device integration",86,0,0,0,0,0
Amit,Verma,CTO,Company489,Manager,Engineering,6587,Retail,"aws, Kubernetes, Lisp",Mumbai,Maharashtra,India,"91 Tech Road, Mumbai, Maharashtra, India",+91 9568770974,"Edge AI, aws, Lisp, Kubernetes",29576240,7272696,4151540,"Real-time patient monitoring, data privacy compliance",72,0,0,0,0,0
Amit,Verma,Head of AI,Company500,Head,Engineering,610,MedTech,"Python, Edge AI, TensorFlow",Mumbai,Maharashtra,India,"165 Tech Road, Mumbai, Maharashtra, India",+91 7739282028,"TensorFlow, Edge AI, Python, COBOL",32338226,5809072,581612,"data privacy compliance, ai model explainability",92,0,0,0,0,0
Sneha,Iyer,Business Analyst,Company203,Business,Engineering,8401,Retail,"python, TensorFlow, IoT",Hyderabad,Telangana,India,"107 Tech Road, Hyderabad, Telangana, India",+91 9605767546,"TensorFlow, python, IoT",15576854,4659074,3852715,"Real-time patient monitoring, Data privacy compliance",86,0,0,0,0,0
Raj,Patel,Jr Engineer,Company565,Jr,Engineering,2564,MedTech,"FHIR, Python, Kubernetes",Chennai,Tamil Nadu,India,"25 Tech Road, Chennai, Tamil Nadu, India",+91 7383408186,"Python, FHIR, Kubernetes",39085321,16195579,11930641,"DATA PRIVACY COMPLIANCE, real-time patient monitoring",73,0,0,0,0,0
Amit,Verma,QA Tester,Company678,QA,Engineering,194,Retail,"Kubernetes, Python, TensorFlow",Gurgaon,Haryana,India,"77 Tech Road, Gurgaon, Haryana, India",+91 8635134973,"TensorFlow, Python, Kubernetes",26991124,3651188,1132832,"Medical device integration, Data privacy compliance",87,0,0,0,0,0
Raj,Das,Chief Medical Officer,Company250,Chief,Engineering,8694,Retail,"TensorFlow, Edge AI, Fortran",Hyderabad,Telangana,India,"116 Tech Road, Hyderabad, Telangana, India",+91 7177659063,"TensorFlow, Edge AI, FHIR, Fortran",17988855,2258453,1061066,"MEDICAL DEVICE INTEGRATION, data privacy compliance",78,0,0,0,0,0
Amit,Nair,Director of Product,Company265,Director,Engineering,385,Wearable Tech,"EDGE AI, Python, IoT",Pune,Maharashtra,India,"164 Tech Road, Pune, Maharashtra, India",+91 9106593965,"EDGE AI, Python, IoT",29554145,4850141,965837,"AI model explainability, Data privacy compliance",70,0,0,0,0,0
Vivek,Sharma,Head of AI,Company883,Head,Engineering,427,Wearable Tech,"TensorFlow, FHIR, AWS",Hyderabad,Telangana,India,"52 Tech Road, Hyderabad, Telangana, India",+91 8454265278,"TensorFlow, FHIR, AWS",15989231,4041683,1921841,"AI model explainability, UI bugs, Medical device integration",65,0,0,0,0,0
Ritu,Verma,Head of AI,Company895,Head,Engineering,549,Healthcare Tech,"iot, TensorFlow, FHIR",Bangalore,Karnataka,India,"87 Tech Road, Bangalore, Karnataka, India",+91 8398748851,"TensorFlow, iot, FHIR",18146637,5806641,2472713,"Low adoption, MEDICAL DEVICE INTEGRATION, Data privacy compliance",89,0,0,0,0,0
Sneha,Sharma,Business Analyst,Company372,Business,Engineering,74,Retail,"TensorFlow, Edge AI, Python",Pune,Maharashtra,India,"188 Tech Road, Pune, Maharashtra, India",+91 7464264520,"TensorFlow, Python, Edge AI",37629797,16887440,8126391,"Real-time patient monitoring, Medical device integration, Slow hiring",81,0,0,0,0,0
Priya,Verma,Intern,Company205,Manager,Engineering,13,AI in Healthcare,"IoT, Python, FHIR",Bangalore,Karnataka,India,"97 Tech Road, Bangalore, Karnataka, India",+91 7832906022,"Python, Fortran, FHIR, IoT",29093500,12737348,7760060,"Real-time patient monitoring, Data privacy compliance",82,0,0,0,0,0
Ritu,Iyer,Jr Engineer,Company577,Jr,Engineering,8222,Retail,"FHIR, Delphi, IoT",Gurgaon,Haryana,India,"99 Tech Road, Gurgaon, Haryana, India",+91 7271789630,"Delphi, FHIR, AWS, IoT",38445228,11716470,6435347,"AI model explainability, Data privacy compliance",71,0,0,0,0,0
Raj,Kumar,Head of AI,Company376,Head,Engineering,1829,Retail,"Python, TensorFlow, Kubernetes",Hyderabad,Telangana,India,"64 Tech Road, Hyderabad, Telangana, India",+91 9099055026,"TensorFlow, Python, Kubernetes",30842994,8373529,1438446,"AI model explainability, DATA PRIVACY COMPLIANCE, Low adoption",95,0,0,0,0,0
Anil,Sharma,CTO,Company433,Manager,Engineering,7863,Retail,"Edge AI, Lisp, AWS",Chennai,Tamil Nadu,India,"89 Tech Road, Chennai, Tamil Nadu, India",+91 7777117148,"Edge AI, Lisp, AWS, Kubernetes",23192749,3611826,709726,"UI bugs, Medical device integration, Data privacy compliance",91,0,0,0,0,0
Kiran,Nair,QA Tester,Company525,QA,Engineering,677,AI in Healthcare,"Python, Kubernetes, AWS",Bangalore,Karnataka,India,"47 Tech Road, Bangalore, Karnataka, India",+91 9875598385,"Python, AWS, Kubernetes",15454663,6586192,1546627,"AI model explainability, data privacy compliance",75,0,0,0,0,0
Anil,Patel,Jr Engineer,Company631,Jr,Engineering,136,MedTech,"TensorFlow, Kubernetes, Fortran",Pune,Maharashtra,India,"103 Tech Road, Pune, Maharashtra, India",+91 9298664537,"TensorFlow, Kubernetes, Fortran, IoT",13479886,5830412,964989,"AI model explainability, Data privacy compliance",79,0,0,0,0,0
Raj,Patel,Head of Payments,Company872,Head,Engineering,2038,FinTech,"Delphi, Python, Blockchain",Hyderabad,Telangana,India,"81 Tech Road, Hyderabad, Telangana, India",+91 7323275742,"Python, Delphi, Blockchain, AWS",40639186,7000810,1067986,"fraud detection automation, regulatory complexity",81,0,1,0,0,0
Vivek,Joshi,Head of Payments,Company171,Head,Engineering,9482,Payments,"Kafka, NODE.JS, Blockchain",Pune,Maharashtra,India,"146 Tech Road, Pune, Maharashtra, India",+91 9335999831,"NODE.JS, Kafka, Delphi, Blockchain",20684811,5392432,2593798,"Blockchain scalability, Regulatory complexity",89,0,1,0,0,0
Raj,Das,CTO,Company584,Manager,Engineering,1436,Payments,"React, PYTHON, AWS",Mumbai,Maharashtra,India,"30 Tech Road, Mumbai, Maharashtra, India",+91 7613095414,"React, Lisp, AWS, PYTHON",46651750,21062947,13846996,"Transaction latency, blockchain scalability",86,0,1,0,0,0
Ritu,Iyer,Product Director,Company403,Product,Engineering,713,FinTech,"Kafka, AWS, Fortran",Pune,Maharashtra,India,"176 Tech Road, Pune, Maharashtra, India",+91 9376480919,"React, Kafka, Fortran, AWS",98824815,35579148,23111315,"Blockchain scalability, Slow hiring, Fraud detection automation",90,0,1,0,0,0
Sneha,Sharma,CTO,Company223,Manager,Engineering,1796,FinTech,"React, Python, VBScript",Chennai,Tamil Nadu,India,"3 Tech Road, Chennai, Tamil Nadu, India",+91 8515647258,"React, Python, VBScript, AWS",79977231,6887329,3603342,"Legacy tools, blockchain scalability, Regulatory complexity",99,0,1,0,0,0
Kiran,Patel,CTO,Company486,Manager,Engineering,689,FinTech,"Blockchain, Python, Node.js",Bangalore,Karnataka,India,"11 Tech Road, Bangalore, Karnataka, India",+91 7091464446,"Python, Node.js, Blockchain",59699709,29807651,6001767,"Blockchain scalability, regulatory complexity",70,0,1,0,0,0
Amit,Sharma,CTO,Company381,Manager,Engineering,1771,Retail,"python, Kafka, node.js",Gurgaon,Haryana,India,"18 Tech Road, Gurgaon, Haryana, India",+91 7593141826,"Kafka, node.js, python",27386564,10116564,3526671,"Blockchain scalability, Fraud detection automation",71,0,1,0,0,0
Sneha,Kumar,Intern,Company180,Manager,Engineering,1605,Blockchain,"Fortran, Python, Blockchain",Gurgaon,Haryana,India,"77 Tech Road, Gurgaon, Haryana, India",+91 8068022237,"Python, Fortran, microservices, Blockchain",32406961,10598603,4365573,"fraud detection automation, Legacy tools, Regulatory complexity",84,0,1,0,0,0
Deepak,Iyer,CTO,Company305,Manager,Engineering,1301,Retail,"Microservices, React, Python",Bangalore,Karnataka,India,"36 Tech Road, Bangalore, Karnataka, India",+91 7333867661,"Microservices, Python, Lisp, React",33083730,13651727,1191260,"Blockchain scalability, Regulatory complexity, Low adoption",82,0,1,0,0,0
Sneha,Singh,Product Director,Company724,Product,Engineering,5113,Payments,"Kafka, Blockchain, React",Mumbai,Maharashtra,India,"166 Tech Road, Mumbai, Maharashtra, India",+91 9613420055,"Kafka, Blockchain, React",23190061,1094328,586511,"fraud detection automation, Transaction latency",98,0,1,0,0,0
Priya,Sharma,Product Director,Company959,Product,Engineering,1510,Blockchain,"Blockchain, Microservices, Node.js",Chennai,Tamil Nadu,India,"57 Tech Road, Chennai, Tamil Nadu, India",+91 8075616273,"Microservices, Node.js, Blockchain",70546777,23785019,4115047,"Transaction latency, Fraud detection automation",79,0,1,0,0,0
Amit,Nair,CTO,Company317,Manager,Engineering,1341,Blockchain,"AWS, Blockchain, React",Pune,Maharashtra,India,"100 Tech Road, Pune, Maharashtra, India",+91 8469677944,"React, AWS, Blockchain",46342120,2715428,1842152,"Transaction latency, FRAUD DETECTION AUTOMATION",78,0,1,0,0,0
Sneha,Joshi,VP of Engineering,Company583,VP,Engineering,1721,Banking Tech,"Node.js, React, Python",Gurgaon,Haryana,India,"42 Tech Road, Gurgaon, Haryana, India",+91 8031190971,"Python, Node.js, React",80710660,1869801,1043030,"Blockchain scalability, Fraud detection automation",96,0,1,0,0,0
Amit,Verma,Head of Payments,Company222,Head,Engineering,1944,Blockchain,"AWS, Kafka, microservices",Bangalore,Karnataka,India,"194 Tech Road, Bangalore, Karnataka, India",+91 9989323367,"Kafka, microservices, AWS",28514622,3148578,1605275,"UI bugs, Fraud detection automation, Regulatory complexity",87,0,1,0,0,0
Priya,Das,VP of Engineering,Company580,VP,Engineering,1071,Banking Tech,"BLOCKCHAIN, Microservices, Node.js",Chennai,Tamil Nadu,India,"16 Tech Road, Chennai, Tamil Nadu, India",+91 8723436814,"Microservices, Node.js, BLOCKCHAIN",87137477,27284055,13952027,"Blockchain scalability, TRANSACTION LATENCY",83,0,1,0,0,0
Sneha,Verma,Head of Payments,Company381,Head,Engineering,311,Blockchain,"Python, Microservices, Blockchain",Mumbai,Maharashtra,India,"75 Tech Road, Mumbai, Maharashtra, India",+91 7288866922,"Microservices, Python, Blockchain",29440629,7385115,3241759,"Transaction latency, Regulatory complexity",92,0,1,0,0,0
Sneha,Singh,Product Director,Company951,Product,Engineering,1924,Blockchain,"React, Blockchain, Microservices",Mumbai,Maharashtra,India,"104 Tech Road, Mumbai, Maharashtra, India",+91 9106246153,"Microservices, VBScript, Blockchain, React",85989273,16117978,8162239,"Blockchain scalability, Transaction latency",73,0,1,0,0,0
Raj,Das,Head of Payments,Company907,Head,Engineering,378,Blockchain,"AWS, COBOL, Kafka",Gurgaon,Haryana,India,"89 Tech Road, Gurgaon, Haryana, India",+91 8725096504,"Microservices, Kafka, COBOL, AWS",44396493,2043409,1913761,"REGULATORY COMPLEXITY, Fraud detection automation",71,0,1,0,0,0
Deepak,Patel,VP of Engineering,Company480,VP,Engineering,1872,Banking Tech,"Microservices, Kafka, Node.js",Bangalore,Karnataka,India,"137 Tech Road, Bangalore, Karnataka, India",+91 7170145010,"Microservices, Kafka, Node.js",69200822,24377878,16655694,"Transaction latency, Fraud detection automation",85,0,1,0,0,0
Priya,Kumar,CTO,Company370,Manager,Engineering,564,Blockchain,"Kafka, microservices, Node.js",Bangalore,Karnataka,India,"71 Tech Road, Bangalore, Karnataka, India",+91 9361580045,"Kafka, Node.js, microservices",81504897,9918780,5328287,"Blockchain scalability, Regulatory complexity",82,0,1,0,0,0
Vivek,Iyer,Head of Payments,Company568,Head,Engineering,1780,Payments,"react, Python, Microservices",Mumbai,Maharashtra,India,"11 Tech Road, Mumbai, Maharashtra, India",+91 8083849314,"Microservices, Python, react",25606122,11392127,10800928,"Regulatory complexity, Slow hiring, FRAUD DETECTION AUTOMATION",92,0,1,0,0,0
Vivek,Verma,VP of Engineering,Company794,VP,Engineering,645,FinTech,"Blockchain, Kafka, Microservices",Gurgaon,Haryana,India,"114 Tech Road, Gurgaon, Haryana, India",+91 8700171280,"Microservices, Kafka, Blockchain",26598507,2293681,540877,"Fraud detection automation, Regulatory complexity",72,0,1,0,0,0
Priya,Das,CTO,Company117,Manager,Engineering,1647,Blockchain,"Node.js, Microservices, Python",Mumbai,Maharashtra,India,"193 Tech Road, Mumbai, Maharashtra, India",+91 9530220350,"Microservices, Python, Node.js",22223236,4596525,1248333,"Blockchain scalability, Fraud detection automation",94,0,1,0,0,0
Ritu,Sharma,VP of Engineering,Company393,VP,Engineering,694,Blockchain,"React, BLOCKCHAIN, Kafka",Bangalore,Karnataka,India,"56 Tech Road, Bangalore, Karnataka, India",+91 7557677697,"VBScript, Kafka, React, BLOCKCHAIN",63602696,8489673,7920424,"Blockchain scalability, Fraud detection automation",97,0,1,0,0,0
Amit,Singh,Head of Payments,Company311,Head,Engineering,1721,Retail,"AWS, Python, COBOL",Hyderabad,Telangana,India,"169 Tech Road, Hyderabad, Telangana, India",+91 7683966909,"Python, COBOL, Node.js, AWS",85435601,23943676,23497784,"Low adoption, Transaction latency, Fraud detection automation",75,0,1,0,0,0
Kiran,Singh,Product Director,Company963,Product,Engineering,1201,Banking Tech,"NODE.JS, Microservices, React",Pune,Maharashtra,India,"66 Tech Road, Pune, Maharashtra, India",+91 9035385613,"Microservices, NODE.JS, React",29830912,6417114,2314435,"Transaction latency, UI bugs, Fraud detection automation",93,0,1,0,0,0
Neha,Nair,Product Director,Company169,Product,Engineering,699,FinTech,"python, AWS, Microservices",Pune,Maharashtra,India,"31 Tech Road, Pune, Maharashtra, India",+91 9563550032,"Microservices, python, AWS",23490153,6843678,1018432,"Transaction latency, Regulatory complexity",80,0,1,0,0,0
Anil,Das,Head of Payments,Company945,Head,Engineering,818,Blockchain,"python, Blockchain, Kafka",Pune,Maharashtra,India,"7 Tech Road, Pune, Maharashtra, India",+91 8742845382,"python, Kafka, Blockchain",32600985,11420961,10007250,"Blockchain scalability, FRAUD DETECTION AUTOMATION",80,0,1,0,0,0
Vivek,Iyer,Head of Payments,Company583,Head,Engineering,902,Banking Tech,"Python, Kafka, Blockchain",Gurgaon,Haryana,India,"4 Tech Road, Gurgaon, Haryana, India",+91 8163573139,"Python, Kafka, Blockchain",80655668,21158335,18850534,"BLOCKCHAIN SCALABILITY, Fraud detection automation",79,0,1,0,0,0
Vivek,Das,VP of Engineering,Company579,VP,Engineering,1082,Banking Tech,"Microservices, Python, Kafka",Pune,Maharashtra,India,"145 Tech Road, Pune, Maharashtra, India",+91 7474137303,"Microservices, Python, Kafka, Lisp",43435045,19395024,16567667,"Blockchain scalability, Transaction latency",70,0,1,0,0,0
Neha,Reddy,Jr Engineer,Company838,Jr,Engineering,326,FinTech,"Node.js, React, AWS",Bangalore,Karnataka,India,"29 Tech Road, Bangalore, Karnataka, India",+91 9632367408,"React, Node.js, AWS",27723908,9645235,4188588,"Transaction latency, Fraud detection automation",90,0,0,0,0,0
Priya,Patel,Jr Engineer,Company776,Jr,Engineering,3549,Retail,"Kafka, react, Blockchain",Chennai,Tamil Nadu,India,"183 Tech Road, Chennai, Tamil Nadu, India",+91 7723219733,"Kafka, react, Blockchain",38252966,1865632,536614,"Blockchain scalability, Slow hiring, Transaction latency",100,0,0,0,0,0
Kiran,Singh,Business Analyst,Company784,Business,Engineering,1107,Retail,"Node.js, Delphi, Kafka",Chennai,Tamil Nadu,India,"85 Tech Road, Chennai, Tamil Nadu, India",+91 7474052856,"Kafka, Delphi, Node.js, React",40311989,12384275,11535136,"Blockchain scalability, Regulatory complexity",98,0,0,0,0,0
Priya,Verma,Product Director,Company401,Product,Engineering,9837,Retail,"NODE.JS, Microservices, VBScript",Hyderabad,Telangana,India,"199 Tech Road, Hyderabad, Telangana, India",+91 9658770917,"Microservices, VBScript, NODE.JS, AWS",91020215,22135030,1292208,"Blockchain scalability, Slow hiring, Transaction latency",86,0,0,0,0,0
Sneha,Patel,Product Director,Company301,Product,Engineering,2632,Retail,"AWS, React, Blockchain",Gurgaon,Haryana,India,"79 Tech Road, Gurgaon, Haryana, India",+91 9518904357,"AWS, Blockchain, React",20296400,7278895,2160896,"Blockchain scalability, Fraud detection automation, Legacy tools",97,0,0,0,0,0
Kiran,Kumar,Jr Engineer,Company906,Jr,Engineering,1631,Blockchain,"Kafka, React, aws",Gurgaon,Haryana,India,"157 Tech Road, Gurgaon, Haryana, India",+91 7507073353,"Kafka, aws, React",60976846,6499562,5514208,"Transaction latency, Regulatory complexity",83,0,0,0,0,0
Vivek,Joshi,QA Tester,Company607,QA,Engineering,1842,Retail,"Microservices, Kafka, AWS",Bangalore,Karnataka,India,"60 Tech Road, Bangalore, Karnataka, India",+91 7598876230,"Microservices, Kafka, AWS",98789996,42412033,4683087,"Blockchain scalability, Regulatory complexity, Low adoption",81,0,0,0,0,0
Anil,Verma,VP of Engineering,Company196,VP,Engineering,3798,Retail,"AWS, Node.js, react",Hyderabad,Telangana,India,"105 Tech Road, Hyderabad, Telangana, India",+91 8776025719,"Node.js, react, AWS",44504571,8706544,2864273,"REGULATORY COMPLEXITY, Slow hiring, transaction latency",77,0,0,0,0,0
Amit,Nair,Product Director,Company105,Product,Engineering,990,Banking Tech,"MICROSERVICES, Delphi, Node.js",Mumbai,Maharashtra,India,"182 Tech Road, Mumbai, Maharashtra, India",+91 9566526214,"MICROSERVICES, Delphi, Node.js, AWS",84038817,5118515,3437595,"Blockchain scalability, Regulatory complexity",73,0,0,0,0,0
Deepak,Verma,QA Tester,Company521,QA,Engineering,3666,Retail,"Node.js, Microservices, React",Chennai,Tamil Nadu,India,"153 Tech Road, Chennai, Tamil Nadu, India",+91 7503261779,"Microservices, Node.js, React",48164848,3107145,2167868,"TRANSACTION LATENCY, Fraud detection automation",81,0,0,0,0,0
Sneha,Reddy,QA Tester,Company104,QA,Engineering,1927,Retail,"Microservices, python, React",Chennai,Tamil Nadu,India,"73 Tech Road, Chennai, Tamil Nadu, India",+91 9205599566,"Microservices, python, React",99678956,33596300,1239413,"Blockchain scalability, Legacy tools, Regulatory complexity",72,0,0,0,0,0
Raj,Singh,Jr Engineer,Company121,Jr,Engineering,5931,Retail,"Python, Node.js, React",Gurgaon,Haryana,India,"56 Tech Road, Gurgaon, Haryana, India",+91 8185585005,"Python, Node.js, React",32388292,6972074,5616308,"Transaction latency, Regulatory complexity",90,0,0,0,0,0
Sneha,Nair,CTO,Company659,Manager,Engineering,1311,Retail,"React, NODE.JS, Kafka",Hyderabad,Telangana,India,"1 Tech Road, Hyderabad, Telangana, India",+91 9933146523,"NODE.JS, Kafka, COBOL, React",22627126,6783340,5737422,"Regulatory complexity, FRAUD DETECTION AUTOMATION",94,0,0,0,0,0
Sneha,Iyer,Jr Engineer,Company163,Jr,Engineering,518,Retail,"Microservices, Kafka, react",Bangalore,Karnataka,India,"75 Tech Road, Bangalore, Karnataka, India",+91 9657735474,"Microservices, Kafka, react",70541628,27881313,14215521,"Blockchain scalability, Regulatory complexity",100,0,0,0,0,0
Neha,Reddy,QA Tester,Company521,QA,Engineering,1676,Retail,"AWS, COBOL, Blockchain",Pune,Maharashtra,India,"112 Tech Road, Pune, Maharashtra, India",+91 7827221805,"COBOL, microservices, AWS, Blockchain",63250136,13112471,1328303,"Fraud detection automation, Regulatory complexity",84,0,0,0,0,0
Amit,Kumar,Head of Payments,Company724,Head,Engineering,948,Retail,"AWS, Node.js, Blockchain",Chennai,Tamil Nadu,India,"161 Tech Road, Chennai, Tamil Nadu, India",+91 7189893545,"Node.js, AWS, Blockchain",65728796,10801906,10097184,"Blockchain scalability, Fraud detection automation",74,0,0,0,0,0
Priya,Singh,CTO,Company910,Manager,Engineering,8250,Retail,"Node.js, React, Python",Hyderabad,Telangana,India,"72 Tech Road, Hyderabad, Telangana, India",+91 8995051424,"Python, COBOL, Node.js, React",53546397,1341579,617763,"fraud detection automation, Transaction latency",90,0,0,0,0,0
Sneha,Sharma,QA Tester,Company409,QA,Engineering,1808,Retail,"Microservices, AWS, Node.js",Gurgaon,Haryana,India,"161 Tech Road, Gurgaon, Haryana, India",+91 8913445197,"Microservices, Node.js, AWS",84799213,35794228,26168168,"Regulatory complexity, transaction latency",79,0,0,0,0,0
Raj,Iyer,Head of Payments,Company571,Head,Engineering,1882,Payments,"Microservices, Lisp, AWS",Pune,Maharashtra,India,"103 Tech Road, Pune, Maharashtra, India",+91 9148167169,"Microservices, Lisp, AWS, Blockchain",54635862,14863827,2204406,"Blockchain scalability, Fraud detection automation",91,0,0,0,0,0
Ritu,Nair,QA Tester,Company533,QA,Engineering,1875,Blockchain,"Kafka, AWS, React",Mumbai,Maharashtra,India,"130 Tech Road, Mumbai, Maharashtra, India",+91 9864541729,"Kafka, AWS, React",62807556,28025870,18399230,"BLOCKCHAIN SCALABILITY, Fraud detection automation",100,0,0,0,0,0
Anil,Patel,Automation Lead,Company268,Automation,Engineering,3715,Manufacturing,"EDGE COMPUTING, SCADA, Azure",Gurgaon,Haryana,India,"131 Tech Road, Gurgaon, Haryana, India",+91 8083877604,"Azure, EDGE COMPUTING, SCADA",492450290,180293562,57779484,"Predictive maintenance, Legacy system modernization",66,0,0,1,0,0
Raj,Reddy,VP of Engineering,Company722,VP,Engineering,1034,IoT,"IoT, Azure, C++",Chennai,Tamil Nadu,India,"21 Tech Road, Chennai, Tamil Nadu, India",+91 9513622451,"Azure, VBScript, C++, IoT",396067209,67176843,59069215,"Data interoperability, Legacy system modernization, Legacy tools",60,0,0,1,0,0
Neha,Singh,Chief Digital Officer,Company473,Chief,Engineering,1396,Industrial Automation,"Azure, Lisp, ROS",Pune,Maharashtra,India,"30 Tech Road, Pune, Maharashtra, India",+91 8723216262,"Azure, ROS, Lisp, IoT",198099049,26341647,16406599,"Predictive maintenance, Legacy tools, Factory automation",56,0,0,1,0,0
Amit,Iyer,VP of Engineering,Company525,VP,Engineering,2581,Industrial Automation,"ROS, Python, IoT",Pune,Maharashtra,India,"123 Tech Road, Pune, Maharashtra, India",+91 8613134022,"Python, ROS, IoT",482899231,228232995,78784140,"Predictive maintenance, DATA INTEROPERABILITY",81,0,0,1,0,0
Amit,Das,Operations Head,Company386,Operations,Engineering,6310,Manufacturing,"IoT, Python, ROS",Mumbai,Maharashtra,India,"85 Tech Road, Mumbai, Maharashtra, India",+91 8529571779,"Python, ROS, IoT",378749584,60369056,22160079,"Predictive maintenance, Factory automation",80,0,0,1,0,0
Priya,Kumar,Operations Head,Company525,Operations,Engineering,4974,Robotics,"Edge Computing, SCADA, IOT",Gurgaon,Haryana,India,"96 Tech Road, Gurgaon, Haryana, India",+91 8096300693,"IOT, Edge Computing, SCADA",209157861,47232181,31811336,"Data interoperability, Legacy system modernization, Low adoption",67,0,0,1,0,0
Deepak,Singh,Operations Head,Company357,Operations,Engineering,1678,Robotics,"C++, Edge Computing, AZURE",Bangalore,Karnataka,India,"164 Tech Road, Bangalore, Karnataka, India",+91 7600985872,"C++, AZURE, Edge Computing",215016096,31444218,12466329,"Predictive maintenance, Factory automation",62,0,0,1,0,0
Raj,Joshi,Automation Lead,Company579,Automation,Engineering,2592,IoT,"ROS, IoT, SCADA",Chennai,Tamil Nadu,India,"164 Tech Road, Chennai, Tamil Nadu, India",+91 9211087678,"ROS, SCADA, IoT",205897037,29923039,9124447,"Predictive maintenance, Legacy tools, Factory automation",71,0,0,1,0,0
Ritu,Kumar,Operations Head,Company767,Operations,Engineering,988,IoT,"SCADA, VBScript, Python",Pune,Maharashtra,India,"198 Tech Road, Pune, Maharashtra, India",+91 8089783738,"Python, VBScript, ROS, SCADA",235235162,68418307,47295008,"Data interoperability, Factory automation",59,0,0,1,0,0
Neha,Kumar,QA Tester,Company785,QA,Engineering,4195,Industrial Automation,"ROS, SCADA, Edge Computing",Pune,Maharashtra,India,"82 Tech Road, Pune, Maharashtra, India",+91 7361027018,"Edge Computing, SCADA, ROS",319214541,48882425,501898,"Predictive maintenance, Legacy system modernization",69,0,0,1,0,0
Raj,Joshi,Automation Lead,Company770,Automation,Engineering,1268,Robotics,"iot, Azure, Edge Computing",Pune,Maharashtra,India,"193 Tech Road, Pune, Maharashtra, India",+91 8970021086,"Azure, iot, Edge Computing",67590047,18628448,10161586,"Data interoperability, FACTORY AUTOMATION, Legacy tools",69,0,0,1,0,0
Raj,Kumar,Automation Lead,Company797,Automation,Engineering,491,IoT,"C++, Edge Computing, Fortran",Gurgaon,Haryana,India,"143 Tech Road, Gurgaon, Haryana, India",+91 7862268555,"C++, Python, Edge Computing, Fortran",342645269,87476033,16747939,"Data interoperability, Predictive maintenance",67,0,0,1,0,0
Ritu,Reddy,Chief Digital Officer,Company693,Chief,Engineering,4683,Industrial Automation,"scada, Azure, IoT",Mumbai,Maharashtra,India,"153 Tech Road, Mumbai, Maharashtra, India",+91 8583824966,"Azure, scada, IoT",226701519,100682481,25396289,"UI bugs, Legacy system modernization, Factory automation",60,0,0,1,0,0
Deepak,Verma,Automation Lead,Company989,Automation,Engineering,4092,Manufacturing,"SCADA, C++, Edge Computing",Hyderabad,Telangana,India,"25 Tech Road, Hyderabad, Telangana, India",+91 7480270251,"C++, Edge Computing, SCADA",427854913,67995704,62215859,"Data interoperability, Predictive maintenance",82,0,0,1,0,0
Ritu,Das,Intern,Company188,Manager,Engineering,4400,Manufacturing,"edge computing, Azure, C++",Hyderabad,Telangana,India,"197 Tech Road, Hyderabad, Telangana, India",+91 9104990952,"Azure, C++, edge computing",114544315,14713205,2993058,"FACTORY AUTOMATION, Legacy system modernization",77,0,0,1,0,0
Amit,Sharma,Operations Head,Company579,Operations,Engineering,2942,Industrial Automation,"SCADA, iot, C++",Gurgaon,Haryana,India,"176 Tech Road, Gurgaon, Haryana, India",+91 9819624750,"C++, iot, SCADA",369951914,135685996,104181368,"Data interoperability, Predictive maintenance",55,0,0,1,0,0
Raj,Verma,QA Tester,Company643,QA,Engineering,3287,Industrial Automation,"Azure, SCADA, IoT",Hyderabad,Telangana,India,"26 Tech Road, Hyderabad, Telangana, India",+91 7447106938,"Azure, SCADA, IoT",285256865,101336360,19906465,"Predictive maintenance, Legacy system modernization, Legacy tools",59,0,0,1,0,0
Priya,Nair,VP of Engineering,Company436,VP,Engineering,2641,Robotics,"C++, Python, Edge Computing",Chennai,Tamil Nadu,India,"157 Tech Road, Chennai, Tamil Nadu, India",+91 7664926226,"C++, Python, Edge Computing, Delphi",350179354,72339082,68088665,"Legacy system modernization, DATA INTEROPERABILITY",68,0,0,1,0,0
Neha,Verma,Automation Lead,Company568,Automation,Engineering,3948,Industrial Automation,"Azure, COBOL, SCADA",Mumbai,Maharashtra,India,"110 Tech Road, Mumbai, Maharashtra, India",+91 7131971054,"C++, COBOL, SCADA, Azure",329538739,113806764,98731055,"Predictive maintenance, Legacy system modernization",57,0,0,1,0,0
Anil,Joshi,VP of Engineering,Company724,VP,Engineering,2474,Robotics,"Lisp, ROS, IoT",Mumbai,Maharashtra,India,"27 Tech Road, Mumbai, Maharashtra, India",+91 7072352667,"C++, ROS, Lisp, IoT",133027151,31008825,10342683,"DATA INTEROPERABILITY, Factory automation",67,0,0,1,0,0
Anil,Nair,Automation Lead,Company471,Automation,Engineering,4859,Manufacturing,"Python, IoT, edge computing",Bangalore,Karnataka,India,"90 Tech Road, Bangalore, Karnataka, India",+91 9490404194,"Python, edge computing, IoT",482282997,26121966,20367418,"Data interoperability, Legacy system modernization, Legacy tools",72,0,0,1,0,0
Kiran,Joshi,Operations Head,Company227,Operations,Engineering,4790,Robotics,"C++, Delphi, edge computing",Mumbai,Maharashtra,India,"93 Tech Road, Mumbai, Maharashtra, India",+91 8507417540,"Azure, C++, edge computing, Delphi",352149560,108171514,82679491,"Slow hiring, Legacy system modernization, Factory automation",57,0,0,1,0,0
Priya,Nair,Operations Head,Company376,Operations,Engineering,4293,IoT,"C++, Edge Computing, SCADA",Mumbai,Maharashtra,India,"147 Tech Road, Mumbai, Maharashtra, India",+91 8321906508,"C++, Edge Computing, SCADA",197668239,91679857,32279728,"Data interoperability, Slow hiring, legacy system modernization",63,0,0,1,0,0
Kiran,Nair,QA Tester,Company388,QA,Engineering,4415,Manufacturing,"Azure, Python, C++",Hyderabad,Telangana,India,"53 Tech Road, Hyderabad, Telangana, India",+91 9188877136,"C++, Python, Azure",386833325,82687685,33860783,"data interoperability, Factory automation",81,0,0,1,0,0
Priya,Kumar,VP of Engineering,Company351,VP,Engineering,2081,Industrial Automation,"ROS, Python, C++",Bangalore,Karnataka,India,"40 Tech Road, Bangalore, Karnataka, India",+91 9365988692,"C++, Python, ROS",229007967,55346894,40465543,"Data interoperability, predictive maintenance",59,0,0,1,0,0
Neha,Iyer,Chief Digital Officer,Company559,Chief,Engineering,2319,IoT,"Delphi, Python, IOT",Bangalore,Karnataka,India,"140 Tech Road, Bangalore, Karnataka, India",+91 8709374705,"IOT, Python, Delphi, SCADA",480217547,120633794,106678773,"Data interoperability, Factory automation",62,0,0,1,0,0
Neha,Das,Operations Head,Company532,Operations,Engineering,3565,Robotics,"SCADA, C++, Azure",Mumbai,Maharashtra,India,"89 Tech Road, Mumbai, Maharashtra, India",+91 9605707771,"C++, SCADA, Azure",239907288,23321542,9177311,"Predictive maintenance, Legacy system modernization",57,0,0,1,0,0
Vivek,Das,Automation Lead,Company235,Automation,Engineering,3979,IoT,"Python, C++, Edge Computing",Pune,Maharashtra,India,"163 Tech Road, Pune, Maharashtra, India",+91 8188160486,"C++, Python, Edge Computing",457626616,60028961,4968155,"Predictive maintenance, Legacy system modernization",80,0,0,1,0,0
Raj,Verma,Chief Digital Officer,Company879,Chief,Engineering,1441,IoT,"python, Azure, SCADA",Pune,Maharashtra,India,"185 Tech Road, Pune, Maharashtra, India",+91 9488875114,"Azure, python, SCADA",391640058,118672562,117636510,"factory automation, Predictive maintenance",62,0,0,1,0,0
Priya,Nair,Automation Lead,Company846,Automation,Engineering,2678,Robotics,"edge computing, Azure, Python",Pune,Maharashtra,India,"155 Tech Road, Pune, Maharashtra, India",+91 7028810483,"Azure, Python, edge computing",229073834,24334811,10985699,"DATA INTEROPERABILITY, Factory automation",68,0,0,1,0,0
Sneha,Nair,Business Analyst,Company442,Business,Engineering,6772,Retail,"SCADA, Azure, Python",Gurgaon,Haryana,India,"34 Tech Road, Gurgaon, Haryana, India",+91 9590819934,"Azure, Python, SCADA",240841763,66686199,51785733,"FACTORY AUTOMATION, DATA INTEROPERABILITY",80,0,0,0,0,0
Priya,Iyer,QA Tester,Company368,QA,Engineering,2011,Retail,"IoT, C++, Python",Pune,Maharashtra,India,"72 Tech Road, Pune, Maharashtra, India",+91 9601165770,"C++, Python, IoT",298957503,48616206,24470248,"Legacy system modernization, Factory automation",64,0,0,0,0,0
Raj,Reddy,Chief Digital Officer,Company447,Chief,Engineering,4079,Retail,"ROS, python, IoT",Mumbai,Maharashtra,India,"127 Tech Road, Mumbai, Maharashtra, India",+91 8412875268,"python, ROS, IoT",223753417,62963481,21700337,"legacy system modernization, Factory automation",68,0,0,0,0,0
Amit,Das,Automation Lead,Company878,Automation,Engineering,6259,Manufacturing,"C++, EDGE COMPUTING, IoT",Mumbai,Maharashtra,India,"2 Tech Road, Mumbai, Maharashtra, India",+91 7365240820,"C++, EDGE COMPUTING, IoT",167679747,36434312,4952570,"Data interoperability, Factory automation",73,0,0,0,0,0
Priya,Kumar,Automation Lead,Company175,Automation,Engineering,1840,Retail,"IoT, SCADA, Python",Pune,Maharashtra,India,"127 Tech Road, Pune, Maharashtra, India",+91 8736026622,"Python, SCADA, IoT",169834704,65875985,47197284,"Predictive maintenance, Factory automation",62,0,0,0,0,0
Anil,Verma,Jr Engineer,Company841,Jr,Engineering,4403,Retail,"Edge Computing, IoT, python",Chennai,Tamil Nadu,India,"91 Tech Road, Chennai, Tamil Nadu, India",+91 8733007298,"python, Edge Computing, IoT",255719014,49262180,10984258,"Legacy system modernization, Factory automation",60,0,0,0,0,0
Kiran,Joshi,Business Analyst,Company555,Business,Engineering,2293,Manufacturing,"Fortran, ROS, SCADA",Gurgaon,Haryana,India,"171 Tech Road, Gurgaon, Haryana, India",+91 9102912411,"iot, ROS, SCADA, Fortran",227537920,92405233,14008564,"Legacy tools, DATA INTEROPERABILITY, Factory automation",55,0,0,0,0,0
Ritu,Reddy,Business Analyst,Company963,Business,Engineering,1130,Retail,"IoT, C++, Edge Computing",Gurgaon,Haryana,India,"97 Tech Road, Gurgaon, Haryana, India",+91 7835766990,"C++, Edge Computing, IoT",275613268,119915249,103925991,"Data interoperability, UI bugs, Legacy system modernization",60,0,0,0,0,0
Neha,Verma,VP of Engineering,Company317,VP,Engineering,3337,IoT,"Azure, C++, IoT",Mumbai,Maharashtra,India,"58 Tech Road, Mumbai, Maharashtra, India",+91 8873768015,"C++, Azure, IoT",443911491,87323162,60263150,"Legacy system modernization, Factory automation",65,0,0,0,0,0
Priya,Reddy,Operations Head,Company981,Operations,Engineering,9776,Industrial Automation,"SCADA, C++, Azure",Chennai,Tamil Nadu,India,"103 Tech Road, Chennai, Tamil Nadu, India",+91 9868933175,"C++, SCADA, Azure",340340345,120745573,36075032,"Legacy system modernization, Legacy tools, Factory automation",82,0,0,0,0,0
Raj,Nair,VP of Engineering,Company351,VP,Engineering,4021,Industrial Automation,"Python, ROS, iot",Bangalore,Karnataka,India,"31 Tech Road, Bangalore, Karnataka, India",+91 9529715738,"Python, iot, ROS",129789512,19227009,11514682,"LEGACY SYSTEM MODERNIZATION, Factory automation",80,0,0,0,0,0
Priya,Kumar,Business Analyst,Company864,Business,Engineering,898,Retail,"ROS, Python, Azure",Gurgaon,Haryana,India,"64 Tech Road, Gurgaon, Haryana, India",+91 9417110846,"Azure, Python, ROS",387827411,183476404,13451466,"LEGACY SYSTEM MODERNIZATION, Factory automation",76,0,0,0,0,0
Raj,Iyer,VP of Engineering,Company318,VP,Engineering,8589,Retail,"Python, iot, azure",Pune,Maharashtra,India,"81 Tech Road, Pune, Maharashtra, India",+91 8877945619,"Python, iot, azure",260890533,70021437,50138641,"Low adoption, Predictive maintenance, Legacy system modernization",79,0,0,0,0,0
Priya,Kumar,VP of Engineering,Company118,VP,Engineering,929,Robotics,"ROS, IoT, Azure",Chennai,Tamil Nadu,India,"121 Tech Road, Chennai, Tamil Nadu, India",+91 8067222413,"Azure, ROS, IoT",285829456,111256190,79062909,"Data interoperability, Predictive maintenance",68,0,0,0,0,0
Kiran,Singh,Chief Digital Officer,Company416,Chief,Engineering,634,Retail,"Fortran, Python, ROS",Hyderabad,Telangana,India,"134 Tech Road, Hyderabad, Telangana, India",+91 7868065991,"C++, Python, ROS, Fortran",346312701,26950841,5546465,"Legacy system modernization, Factory automation",66,0,0,0,0,0
Anil,Verma,Operations Head,Company460,Operations,Engineering,1957,Industrial Automation,"COBOL, IoT, Azure",Mumbai,Maharashtra,India,"3 Tech Road, Mumbai, Maharashtra, India",+91 8058311451,"Azure, python, COBOL, IoT",464150979,61185126,28069204,"Data interoperability, Legacy system modernization",84,0,0,0,0,0
Deepak,Verma,Intern,Company920,Manager,Engineering,8985,Industrial Automation,"SCADA, C++, ROS",Chennai,Tamil Nadu,India,"68 Tech Road, Chennai, Tamil Nadu, India",+91 9205630272,"C++, ROS, SCADA",173462113,29523233,26377487,"Legacy system modernization, data interoperability",82,0,0,0,0,0
Priya,Sharma,VP of Engineering,Company216,VP,Engineering,3962,IoT,"Azure, ros, VBScript",Chennai,Tamil Nadu,India,"146 Tech Road, Chennai, Tamil Nadu, India",+91 9979278529,"Azure, VBScript, Edge Computing, ros",195168440,93940667,68821685,"Predictive maintenance, Legacy system modernization",85,0,0,0,0,0
Vivek,Iyer,QA Tester,Company771,QA,Engineering,2138,Robotics,"Azure, SCADA, Python",Bangalore,Karnataka,India,"24 Tech Road, Bangalore, Karnataka, India",+91 7691732814,"Azure, Python, SCADA, Lisp",318413079,122248571,9418920,"UI bugs, Predictive maintenance, Factory automation",56,0,0,0,0,0
Vivek,Iyer,Business Analyst,Company537,Business,Engineering,2994,Retail,"C++, IoT, SCADA",Mumbai,Maharashtra,India,"168 Tech Road, Mumbai, Maharashtra, India",+91 7673740357,"C++, SCADA, IoT",78976223,31041507,9602445,"predictive maintenance, Factory automation",76,0,0,0,0,0
Neha,Verma,Jr Engineer,Company964,Jr,Engineering,383,Cloud Gaming,"C++, Kubernetes, Unity",Chennai,Tamil Nadu,India,"47 Tech Road, Chennai, Tamil Nadu, India",+91 7806793668,"C++, Unity, Kubernetes",11049041,1200938,1044380,"Low adoption, Scalability under peak load, low latency streaming",81,0,0,0,1,0
Neha,Sharma,CTO,Company987,Manager,Engineering,84,Gaming,"C++, AWS, Unreal Engine",Chennai,Tamil Nadu,India,"115 Tech Road, Chennai, Tamil Nadu, India",+91 9498740584,"C++, Delphi, AWS, Unreal Engine",36566397,1096447,686232,"Scalability under peak load, Monetization challenges",80,0,0,0,1,0
Ritu,Singh,CTO,Company535,Manager,Engineering,6135,Cloud Gaming,"WebRTC, Kubernetes, VR/AR SDKs",Hyderabad,Telangana,India,"32 Tech Road, Hyderabad, Telangana, India",+91 8967092010,"VR/AR SDKs, WebRTC, Kubernetes",8437257,3386289,1779914,"Low latency streaming, Scalability under peak load",85,0,0,0,1,0
Sneha,Iyer,Lead Engineer,Company378,Lead,Engineering,418,AR/VR,"Unity, AWS, Delphi",Gurgaon,Haryana,India,"35 Tech Road, Gurgaon, Haryana, India",+91 9989828241,"Unity, AWS, vr/ar sdks, Delphi",34332217,10244480,4389242,"cross-platform performance, Scalability under peak load",88,0,0,0,1,0
Neha,Das,Head of Game Development,Company105,Head,Engineering,487,Retail,"C++, Unreal Engine, AWS",Bangalore,Karnataka,India,"198 Tech Road, Bangalore, Karnataka, India",+91 8627210527,"C++, AWS, Unreal Engine",44758135,15543074,6320413,"Legacy tools, Scalability under peak load, low latency streaming",91,0,0,0,1,0
Vivek,Iyer,CTO,Company406,Manager,Engineering,284,AR/VR,"aws, Unreal Engine, webrtc",Hyderabad,Telangana,India,"14 Tech Road, Hyderabad, Telangana, India",+91 7742965547,"aws, webrtc, Unreal Engine",45612091,7167274,1921233,"UI bugs, cross-platform performance, Monetization challenges",96,0,0,0,1,0
Deepak,Das,Lead Engineer,Company969,Lead,Engineering,429,Cloud Gaming,"AWS, C++, Lisp",Bangalore,Karnataka,India,"106 Tech Road, Bangalore, Karnataka, India",+91 8159079117,"C++, Lisp, unreal engine, AWS",12124052,5425543,4266045,"Low latency streaming, UI bugs, cross-platform performance",91,0,0,0,1,0
Raj,Reddy,Lead Engineer,Company927,Lead,Engineering,486,AR/VR,"aws, c++, kubernetes",Pune,Maharashtra,India,"11 Tech Road, Pune, Maharashtra, India",+91 9139217646,"aws, c++, kubernetes",12784672,3874056,2145805,"Cross-platform performance, Monetization challenges",90,0,0,0,1,0
Sneha,Das,Lead Engineer,Company800,Lead,Engineering,175,Entertainment Tech,"WebRTC, Unreal Engine, Unity",Gurgaon,Haryana,India,"140 Tech Road, Gurgaon, Haryana, India",+91 7751099875,"WebRTC, Unity, Unreal Engine",18278824,4733834,2553738,"Low latency streaming, Scalability under peak load",99,0,0,0,1,0
Deepak,Verma,Lead Engineer,Company153,Lead,Engineering,163,Cloud Gaming,"Unity, C++, AWS",Hyderabad,Telangana,India,"62 Tech Road, Hyderabad, Telangana, India",+91 7687200352,"C++, VBScript, Unity, AWS",5466905,2423021,2273239,"cross-platform performance, Scalability under peak load",86,0,0,0,1,0
Raj,Singh,VP of Product,Company565,VP,Engineering,425,AR/VR,"Unreal Engine, C++, WebRTC",Mumbai,Maharashtra,India,"130 Tech Road, Mumbai, Maharashtra, India",+91 7491844695,"C++, WebRTC, Unreal Engine",13130522,3455971,2857316,"Scalability under peak load, Monetization challenges",96,0,0,0,1,0
Priya,Patel,Head of Game Development,Company236,Head,Engineering,54,Entertainment Tech,"WebRTC, Unreal Engine, aws",Bangalore,Karnataka,India,"78 Tech Road, Bangalore, Karnataka, India",+91 9667822028,"WebRTC, aws, Unreal Engine",9968796,2375886,909401,"Slow hiring, Scalability under peak load, Monetization challenges",96,0,0,0,1,0
Deepak,Iyer,Head of Game Development,Company800,Head,Engineering,8666,Retail,"WebRTC, Unity, Kubernetes",Pune,Maharashtra,India,"44 Tech Road, Pune, Maharashtra, India",+91 8390027108,"WebRTC, Unity, Kubernetes",49249029,3325111,2663084,"LOW LATENCY STREAMING, Monetization challenges",88,0,0,0,1,0
Neha,Joshi,Head of Game Development,Company872,Head,Engineering,58,Retail,"VR/AR SDKs, AWS, C++",Mumbai,Maharashtra,India,"184 Tech Road, Mumbai, Maharashtra, India",+91 8831828724,"C++, VR/AR SDKs, AWS",14910878,5559820,2890945,"Low latency streaming, Low adoption, Monetization challenges",94,0,0,0,1,0
Neha,Iyer,Head of Game Development,Company416,Head,Engineering,160,Gaming,"VR/AR SDKs, AWS, Kubernetes",Mumbai,Maharashtra,India,"30 Tech Road, Mumbai, Maharashtra, India",+91 8884715280,"VR/AR SDKs, AWS, Kubernetes",35934115,16228282,14059836,"Low latency streaming, Scalability under peak load",94,0,0,0,1,0
Priya,Joshi,Lead Engineer,Company921,Lead,Engineering,329,Gaming,"AWS, VR/AR SDKs, C++",Mumbai,Maharashtra,India,"114 Tech Road, Mumbai, Maharashtra, India",+91 9544130653,"C++, VR/AR SDKs, AWS",34969293,10333434,6801553,"Cross-platform performance, Scalability under peak load",97,0,0,0,1,0
Deepak,Sharma,Lead Engineer,Company838,Lead,Engineering,115,Retail,"UNREAL ENGINE, C++, VR/AR SDKs",Bangalore,Karnataka,India,"119 Tech Road, Bangalore, Karnataka, India",+91 9226405830,"C++, VR/AR SDKs, UNREAL ENGINE",29618892,9407474,6424571,"Low latency streaming, Scalability under peak load",97,0,0,0,1,0
Amit,Kumar,CTO,Company286,Manager,Engineering,497,Cloud Gaming,"Unity, VR/AR SDKs, C++",Mumbai,Maharashtra,India,"86 Tech Road, Mumbai, Maharashtra, India",+91 7416841228,"C++, VR/AR SDKs, Unity",32988191,1592372,1144020,"Cross-platform performance, Monetization challenges",86,0,0,0,1,0
Neha,Reddy,Lead Engineer,Company108,Lead,Engineering,260,Cloud Gaming,"VR/AR SDKs, C++, Unreal Engine",Gurgaon,Haryana,India,"81 Tech Road, Gurgaon, Haryana, India",+91 7941121890,"C++, VR/AR SDKs, Lisp, Unreal Engine",7874562,3173054,2475301,"Slow hiring, cross-platform performance, Scalability under peak load",94,0,0,0,1,0
Kiran,Singh,Head of Game Development,Company621,Head,Engineering,222,Retail,"kubernetes, C++, AWS",Gurgaon,Haryana,India,"195 Tech Road, Gurgaon, Haryana, India",+91 7643735498,"C++, AWS, kubernetes",23248780,5499313,4903358,"Cross-platform performance, Monetization challenges",90,0,0,0,1,0
Neha,Joshi,Head of Game Development,Company223,Head,Engineering,347,Retail,"Kubernetes, Unreal Engine, VR/AR SDKs",Gurgaon,Haryana,India,"160 Tech Road, Gurgaon, Haryana, India",+91 9698822868,"VR/AR SDKs, Unreal Engine, Kubernetes",28684620,10403445,3524333,"Cross-platform performance, Monetization challenges",98,0,0,0,1,0
Anil,Nair,Head of Game Development,Company921,Head,Engineering,312,Cloud Gaming,"C++, AWS, VR/AR SDKs",Hyderabad,Telangana,India,"131 Tech Road, Hyderabad, Telangana, India",+91 8646854455,"C++, VR/AR SDKs, AWS",33943413,11555584,10111326,"Legacy tools, Scalability under peak load, low latency streaming",97,0,0,0,1,0
Amit,Verma,CTO,Company162,Manager,Engineering,221,Gaming,"KUBERNETES, VR/AR SDKs, Fortran",Hyderabad,Telangana,India,"8 Tech Road, Hyderabad, Telangana, India",+91 8823228979,"VR/AR SDKs, Unity, KUBERNETES, Fortran",13346231,6620264,560070,"Low latency streaming, Scalability under peak load",84,0,0,0,1,0
Kiran,Nair,VP of Product,Company672,VP,Engineering,232,Gaming,"AWS, VR/AR SDKs, Unity",Pune,Maharashtra,India,"179 Tech Road, Pune, Maharashtra, India",+91 9206493622,"VR/AR SDKs, Unity, AWS",24478508,8949307,928722,"Cross-platform performance, scalability under peak load",86,0,0,0,1,0
Priya,Das,Lead Engineer,Company217,Lead,Engineering,7435,Entertainment Tech,"WebRTC, C++, aws",Chennai,Tamil Nadu,India,"75 Tech Road, Chennai, Tamil Nadu, India",+91 7917584190,"C++, WebRTC, aws",38842439,1976877,870574,"Cross-platform performance, Legacy tools, low latency streaming",95,0,0,0,1,0
Amit,Singh,CTO,Company632,Manager,Engineering,121,Cloud Gaming,"WEBRTC, Kubernetes, VR/AR SDKs",Pune,Maharashtra,India,"146 Tech Road, Pune, Maharashtra, India",+91 9908368533,"WEBRTC, VR/AR SDKs, Kubernetes",36744585,3626005,2027029,"cross-platform performance, low latency streaming",96,0,0,0,1,0
Sneha,Joshi,CTO,Company702,Manager,Engineering,446,Gaming,"c++, Kubernetes, WebRTC",Mumbai,Maharashtra,India,"128 Tech Road, Mumbai, Maharashtra, India",+91 9198092252,"WebRTC, Kubernetes, c++",44403671,16228229,7327804,"low latency streaming, Monetization challenges",89,0,0,0,1,0
Neha,Iyer,VP of Product,Company236,VP,Engineering,397,Entertainment Tech,"AWS, Unity, Unreal Engine",Chennai,Tamil Nadu,India,"180 Tech Road, Chennai, Tamil Nadu, India",+91 7840578820,"Unity, AWS, Unreal Engine",22028199,4552682,3864622,"Cross-platform performance, scalability under peak load",89,0,0,0,1,0
Anil,Iyer,CTO,Company820,Manager,Engineering,1826,Cloud Gaming,"AWS, UNREAL ENGINE, vr/ar sdks",Chennai,Tamil Nadu,India,"188 Tech Road, Chennai, Tamil Nadu, India",+91 8510481221,"AWS, UNREAL ENGINE, vr/ar sdks",5366911,1105444,618973,"UI bugs, Scalability under peak load, low latency streaming",82,0,0,0,1,0
Raj,Patel,Lead Engineer,Company663,Lead,Engineering,499,Cloud Gaming,"VBScript, unity, Unreal Engine",Pune,Maharashtra,India,"140 Tech Road, Pune, Maharashtra, India",+91 8654965571,"VR/AR SDKs, VBScript, unity, Unreal Engine",23734948,8434954,3725863,"Cross-platform performance, Scalability under peak load",82,0,0,0,1,0
Amit,Kumar,QA Tester,Company209,QA,Engineering,9241,Retail,"Unity, AWS, Unreal Engine",Pune,Maharashtra,India,"30 Tech Road, Pune, Maharashtra, India",+91 9820431227,"Unity, AWS, Unreal Engine",43282139,16808658,1129677,"Scalability under peak load, Monetization challenges",93,0,0,0,0,0
Deepak,Joshi,Jr Engineer,Company901,Jr,Engineering,9095,Gaming,"AWS, Unreal Engine, Unity",Gurgaon,Haryana,India,"149 Tech Road, Gurgaon, Haryana, India",+91 9863007561,"Unity, AWS, Unreal Engine",11246774,2027928,1827622,"Cross-platform performance, Scalability under peak load",84,0,0,0,0,0
Vivek,Patel,Business Analyst,Company530,Business,Engineering,831,Cloud Gaming,"Unreal Engine, VR/AR SDKs, AWS",Gurgaon,Haryana,India,"97 Tech Road, Gurgaon, Haryana, India",+91 8614648907,"VR/AR SDKs, AWS, Unreal Engine",9469541,4069191,1956483,"Low latency streaming, Slow hiring, Scalability under peak load",88,0,0,0,0,0
Vivek,Patel,Business Analyst,Company747,Business,Engineering,237,Retail,"C++, WebRTC, COBOL",Pune,Maharashtra,India,"87 Tech Road, Pune, Maharashtra, India",+91 8869765507,"C++, WebRTC, COBOL, Kubernetes",16689192,2444855,2259587,"Low latency streaming, Cross-platform performance, UI bugs",95,0,0,0,0,0
Neha,Kumar,QA Tester,Company486,QA,Engineering,243,Retail,"C++, VR/AR SDKs, Unreal Engine",Mumbai,Maharashtra,India,"1 Tech Road, Mumbai, Maharashtra, India",+91 9330626478,"C++, VR/AR SDKs, Unreal Engine",30720866,11397470,10008143,"Low latency streaming, Cross-platform performance",87,0,0,0,0,0
Priya,Iyer,QA Tester,Company659,QA,Engineering,5097,Retail,"Fortran, VR/AR SDKs, WebRTC",Hyderabad,Telangana,India,"199 Tech Road, Hyderabad, Telangana, India",+91 9379901553,"VR/AR SDKs, WebRTC, Fortran, kubernetes",26959096,2125546,2010514,"Low latency streaming, Scalability under peak load",93,0,0,0,0,0
Anil,Verma,Business Analyst,Company674,Business,Engineering,3109,Cloud Gaming,"unreal engine, VBScript, VR/AR SDKs",Pune,Maharashtra,India,"118 Tech Road, Pune, Maharashtra, India",+91 8093997116,"VBScript, VR/AR SDKs, unreal engine, AWS",6519725,3033587,557772,"Cross-platform performance, Monetization challenges",85,0,0,0,0,0
Ritu,Kumar,VP of Product,Company104,VP,Engineering,4328,Retail,"VR/AR SDKs, C++, aws",Mumbai,Maharashtra,India,"180 Tech Road, Mumbai, Maharashtra, India",+91 8373083137,"C++, VR/AR SDKs, aws",26529136,8675988,5300471,"Low latency streaming, Monetization challenges",81,0,0,0,0,0
Priya,Singh,Business Analyst,Company505,Business,Engineering,7809,Cloud Gaming,"C++, Unreal Engine, WebRTC",Hyderabad,Telangana,India,"96 Tech Road, Hyderabad, Telangana, India",+91 7339435509,"C++, WebRTC, Unreal Engine",15978550,5885727,2116222,"Low latency streaming, Cross-platform performance, UI bugs",90,0,0,0,0,0
Amit,Nair,Head of Game Development,Company828,Head,Engineering,190,Gaming,"Unity, WebRTC, Unreal Engine",Gurgaon,Haryana,India,"73 Tech Road, Gurgaon, Haryana, India",+91 7838154177,"WebRTC, Unity, Unreal Engine",20099578,1290992,781338,"Cross-platform performance, Scalability under peak load",82,0,0,0,0,0
Priya,Verma,Business Analyst,Company870,Business,Engineering,374,Entertainment Tech,"Kubernetes, Unity, WebRTC",Gurgaon,Haryana,India,"176 Tech Road, Gurgaon, Haryana, India",+91 7963835238,"WebRTC, Unity, Lisp, Kubernetes",43538465,6396325,4953173,"monetization challenges, Scalability under peak load",94,0,0,0,0,0
Vivek,Joshi,Jr Engineer,Company692,Jr,Engineering,6758,Entertainment Tech,"Unity, c++, unreal engine",Hyderabad,Telangana,India,"76 Tech Road, Hyderabad, Telangana, India",+91 7604489925,"unreal engine, Unity, c++",46438346,2477124,663886,"Cross-platform performance, Scalability under peak load",80,0,0,0,0,0
Anil,Kumar,Head of Game Development,Company760,Head,Engineering,9933,Entertainment Tech,"aws, Kubernetes, Lisp",Gurgaon,Haryana,India,"171 Tech Road, Gurgaon, Haryana, India",+91 8643866627,"aws, Kubernetes, Lisp, c++",21610826,6761432,4758168,"Low latency streaming, cross-platform performance",87,0,0,0,0,0
Raj,Singh,Intern,Company470,Manager,Engineering,9806,Retail,"Unity, AWS, C++",Pune,Maharashtra,India,"131 Tech Road, Pune, Maharashtra, India",+91 7497383755,"C++, Unity, AWS",19735147,4852845,4446601,"Monetization challenges, low latency streaming",93,0,0,0,0,0
Ritu,Verma,Jr Engineer,Company617,Jr,Engineering,181,Gaming,"Unreal Engine, Kubernetes, WebRTC",Mumbai,Maharashtra,India,"2 Tech Road, Mumbai, Maharashtra, India",+91 9760503378,"WebRTC, Unreal Engine, Kubernetes",8621971,3745477,1146059,"Low latency streaming, Monetization challenges",85,0,0,0,0,0
Amit,Patel,Jr Engineer,Company581,Jr,Engineering,5992,AR/VR,"WebRTC, Unreal Engine, Kubernetes",Mumbai,Maharashtra,India,"50 Tech Road, Mumbai, Maharashtra, India",+91 8857078575,"WebRTC, Unreal Engine, Kubernetes",19662732,8226878,7430384,"Legacy tools, Scalability under peak load, low latency streaming",86,0,0,0,0,0
Neha,Sharma,CTO,Company886,Manager,Engineering,7568,Gaming,"C++, Unreal Engine, Delphi",Gurgaon,Haryana,India,"80 Tech Road, Gurgaon, Haryana, India",+91 8039567114,"C++, Delphi, Unreal Engine, Kubernetes",32756800,12646849,6073404,"Low latency streaming, UI bugs, SCALABILITY UNDER PEAK LOAD",84,0,0,0,0,0
Vivek,Patel,Business Analyst,Company560,Business,Engineering,223,Entertainment Tech,"Unity, AWS, C++",Mumbai,Maharashtra,India,"115 Tech Road, Mumbai, Maharashtra, India",+91 8544771985,"C++, Unity, AWS",38008508,17652263,7604199,"Cross-platform performance, Scalability under peak load",93,0,0,0,0,0
Sneha,Patel,Intern,Company563,Manager,Engineering,353,Cloud Gaming,"Lisp, webrtc, VR/AR SDKs",Gurgaon,Haryana,India,"56 Tech Road, Gurgaon, Haryana, India",+91 7325744782,"VR/AR SDKs, Lisp, webrtc, kubernetes",42233832,4310404,2693398,"Cross-platform performance, SCALABILITY UNDER PEAK LOAD",90,0,0,0,0,0
Vivek,Das,QA Tester,Company628,QA,Engineering,271,Entertainment Tech,"Unreal Engine, VR/AR SDKs, C++",Gurgaon,Haryana,India,"93 Tech Road, Gurgaon, Haryana, India",+91 7808181518,"C++, VR/AR SDKs, Unreal Engine",15276046,2279313,1408275,"UI bugs, MONETIZATION CHALLENGES, scalability under peak load",96,0,0,0,0,0
Raj,Kumar,VP of Operations,Company330,VP,Engineering,1026,Mobility,"Microservices, React, IoT",Chennai,Tamil Nadu,India,"26 Tech Road, Chennai, Tamil Nadu, India",+91 9629726198,"Microservices, React, IoT",60980348,9481255,7773411,"Predictive maintenance, Asset tracking visibility",62,0,0,0,0,1
Deepak,Reddy,Fleet Manager,Company958,Fleet,Engineering,1229,Retail,"GPS Tracking, Microservices, PostgreSQL",Pune,Maharashtra,India,"110 Tech Road, Pune, Maharashtra, India",+91 7904859879,"Microservices, PostgreSQL, GPS Tracking",68013711,23679798,11916349,"UI bugs, Fuel cost management, Predictive maintenance",84,0,0,0,0,1
Amit,Nair,VP of Operations,Company591,VP,Engineering,675,Mobility,"Microservices, iot, PostgreSQL",Gurgaon,Haryana,India,"74 Tech Road, Gurgaon, Haryana, India",+91 9872479394,"Microservices, iot, PostgreSQL",49730945,5540361,3505365,"Low adoption, Predictive maintenance, asset tracking visibility",87,0,0,0,0,1
Priya,Joshi,Product Head,Company377,Product,Engineering,2570,Mobility,"Delphi, java, PostgreSQL",Hyderabad,Telangana,India,"148 Tech Road, Hyderabad, Telangana, India",+91 7306480692,"Delphi, java, PostgreSQL, IoT",45427041,6424757,1492303,"UI bugs, Fuel cost management, route optimization",88,0,0,0,0,1
Anil,Sharma,Fleet Manager,Company766,Fleet,Engineering,2631,Retail,"JAVA, PostgreSQL, AWS",Mumbai,Maharashtra,India,"200 Tech Road, Mumbai, Maharashtra, India",+91 7566238457,"PostgreSQL, AWS, JAVA",51887119,4896442,3243624,"Route optimization, predictive maintenance",81,0,0,0,0,1
Neha,Singh,Product Head,Company933,Product,Engineering,1484,Fleet Management,"Microservices, IoT, React",Chennai,Tamil Nadu,India,"14 Tech Road, Chennai, Tamil Nadu, India",+91 8442645298,"Microservices, React, IoT",68733566,11380350,1642499,"Predictive maintenance, Asset tracking visibility",88,0,0,0,0,1
Neha,Kumar,VP of Operations,Company523,VP,Engineering,1409,Supply Chain,"GPS TRACKING, PostgreSQL, JAVA",Mumbai,Maharashtra,India,"4 Tech Road, Mumbai, Maharashtra, India",+91 7167771472,"PostgreSQL, GPS TRACKING, JAVA",25282033,11403758,857927,"Asset tracking visibility, predictive maintenance",71,0,0,0,0,1
Vivek,Verma,CTO,Company157,Manager,Engineering,566,Logistics Tech,"Microservices, React, aws",Bangalore,Karnataka,India,"93 Tech Road, Bangalore, Karnataka, India",+91 8499025382,"Microservices, aws, React",73873475,17804273,17585404,"Route optimization, asset tracking visibility, Low adoption",75,0,0,0,0,1
Priya,Iyer,CTO,Company875,Manager,Engineering,1253,Logistics Tech,"PostgreSQL, AWS, IoT",Hyderabad,Telangana,India,"36 Tech Road, Hyderabad, Telangana, India",+91 9086934595,"PostgreSQL, AWS, IoT",36285562,11875133,7324091,"Route optimization, Fuel cost management, Legacy tools",66,0,0,0,0,1
Kiran,Joshi,Fleet Manager,Company289,Fleet,Engineering,922,Mobility,"IoT, Fortran, java",Hyderabad,Telangana,India,"199 Tech Road, Hyderabad, Telangana, India",+91 9775270492,"Fortran, java, React, IoT",21251665,9910244,9894654,"Predictive maintenance, ASSET TRACKING VISIBILITY",87,0,0,0,0,1
Priya,Nair,Fleet Manager,Company734,Fleet,Engineering,1477,Supply Chain,"GPS Tracking, Java, postgresql",Pune,Maharashtra,India,"188 Tech Road, Pune, Maharashtra, India",+91 9710991699,"Java, postgresql, GPS Tracking",71072308,23412223,13594392,"Predictive maintenance, Asset tracking visibility",63,0,0,0,0,1
Vivek,Kumar,Product Head,Company890,Product,Engineering,997,Retail,"Fortran, GPS Tracking, react",Mumbai,Maharashtra,India,"63 Tech Road, Mumbai, Maharashtra, India",+91 9783380202,"react, java, GPS Tracking, Fortran",72569822,4591345,3151992,"Fuel cost management, Asset tracking visibility",87,0,0,0,0,1
Anil,Singh,VP of Operations,Company562,VP,Engineering,1167,Logistics Tech,"Lisp, Microservices, gps tracking",Chennai,Tamil Nadu,India,"148 Tech Road, Chennai, Tamil Nadu, India",+91 7726699347,"Microservices, gps tracking, java, Lisp",43229246,2795717,2128493,"Route optimization, Predictive maintenance",83,0,0,0,0,1
Ritu,Reddy,VP of Operations,Company539,VP,Engineering,513,Logistics Tech,"Lisp, IoT, GPS Tracking",Mumbai,Maharashtra,India,"189 Tech Road, Mumbai, Maharashtra, India",+91 8296627153,"Lisp, Java, GPS Tracking, IoT",54398299,16121482,1357924,"Route optimization, Asset tracking visibility",79,0,0,0,0,1
Amit,Sharma,CTO,Company459,Manager,Engineering,2298,Mobility,"React, PostgreSQL, GPS Tracking",Hyderabad,Telangana,India,"91 Tech Road, Hyderabad, Telangana, India",+91 8014573668,"React, PostgreSQL, GPS Tracking",20318047,4154973,1078940,"UI bugs, Fuel cost management, Asset tracking visibility",73,0,0,0,0,1
Ritu,Nair,VP of Operations,Company667,VP,Engineering,762,Supply Chain,"Microservices, PostgreSQL, IoT",Bangalore,Karnataka,India,"92 Tech Road, Bangalore, Karnataka, India",+91 9497387265,"Microservices, PostgreSQL, IoT",58171686,7212223,3205904,"Route optimization, Fuel cost management, Low adoption",88,0,0,0,0,1
Priya,Sharma,Product Head,Company241,Product,Engineering,914,Supply Chain,"AWS, React, GPS Tracking",Hyderabad,Telangana,India,"195 Tech Road, Hyderabad, Telangana, India",+91 7673855314,"React, AWS, GPS Tracking",30102758,12962538,5224941,"Predictive maintenance, Asset tracking visibility",85,0,0,0,0,1
Ritu,Patel,VP of Operations,Company574,VP,Engineering,5078,Fleet Management,"Microservices, PostgreSQL, AWS",Pune,Maharashtra,India,"187 Tech Road, Pune, Maharashtra, India",+91 9153076494,"Microservices, PostgreSQL, AWS",16612752,2229438,1876877,"predictive maintenance, route optimization",84,0,0,0,0,1
Anil,Reddy,VP of Operations,Company511,VP,Engineering,1238,Fleet Management,"AWS, Java, react",Hyderabad,Telangana,India,"116 Tech Road, Hyderabad, Telangana, India",+91 9545894604,"Lisp, Java, react, AWS",15929547,7166169,6965901,"Predictive maintenance, Asset tracking visibility",68,0,0,0,0,1
Ritu,Joshi,Fleet Manager,Company331,Fleet,Engineering,610,Mobility,"Delphi, React, AWS",Hyderabad,Telangana,India,"20 Tech Road, Hyderabad, Telangana, India",+91 7330663569,"React, Delphi, PostgreSQL, AWS",35421403,7015239,4148717,"Route optimization, Predictive maintenance",81,0,0,0,0,1
Ritu,Reddy,Product Head,Company958,Product,Engineering,878,Retail,"React, java, Microservices",Bangalore,Karnataka,India,"29 Tech Road, Bangalore, Karnataka, India",+91 9633904401,"Microservices, java, React",36666504,13300194,12423998,"Fuel cost management, asset tracking visibility",68,0,0,0,0,1
Vivek,Das,VP of Operations,Company135,VP,Engineering,303,Logistics Tech,"AWS, PostgreSQL, Java",Chennai,Tamil Nadu,India,"4 Tech Road, Chennai, Tamil Nadu, India",+91 9681776315,"COBOL, Java, PostgreSQL, AWS",46311916,17238324,7183979,"Route optimization, Asset tracking visibility",85,0,0,0,0,1
Vivek,Kumar,CTO,Company654,Manager,Engineering,1147,Logistics Tech,"PostgreSQL, GPS Tracking, java",Hyderabad,Telangana,India,"166 Tech Road, Hyderabad, Telangana, India",+91 7949984424,"java, PostgreSQL, GPS Tracking",49777510,12070871,4558566,"Fuel cost management, Predictive maintenance",74,0,0,0,0,1
Anil,Sharma,Product Head,Company284,Product,Engineering,667,Mobility,"iot, PostgreSQL, Java",Pune,Maharashtra,India,"90 Tech Road, Pune, Maharashtra, India",+91 7727046459,"iot, Java, PostgreSQL",61583991,10494231,3194247,"fuel cost management, asset tracking visibility",75,0,0,0,0,1
Sneha,Nair,Product Head,Company273,Product,Engineering,921,Supply Chain,"Microservices, GPS Tracking, POSTGRESQL",Bangalore,Karnataka,India,"13 Tech Road, Bangalore, Karnataka, India",+91 7492313974,"Microservices, GPS Tracking, POSTGRESQL",79488043,32931556,24751536,"Fuel cost management, Asset tracking visibility, Legacy tools",74,0,0,0,0,1
Vivek,Sharma,CTO,Company487,Manager,Engineering,229,Logistics Tech,"React, PostgreSQL, aws",Chennai,Tamil Nadu,India,"128 Tech Road, Chennai, Tamil Nadu, India",+91 8083302116,"aws, PostgreSQL, React",61376257,28111072,14355849,"Route optimization, Predictive maintenance",76,0,0,0,0,1
Neha,Iyer,CTO,Company523,Manager,Engineering,446,Mobility,"Lisp, GPS Tracking, PostgreSQL",Mumbai,Maharashtra,India,"182 Tech Road, Mumbai, Maharashtra, India",+91 7562739566,"Lisp, AWS, PostgreSQL, GPS Tracking",33247900,10120240,2079596,"Asset tracking visibility, predictive maintenance",81,0,0,0,0,1
Raj,Verma,Fleet Manager,Company688,Fleet,Engineering,1252,Retail,"GPS Tracking, postgresql, AWS",Hyderabad,Telangana,India,"67 Tech Road, Hyderabad, Telangana, India",+91 7780300251,"postgresql, GPS Tracking, AWS",35202126,12049040,6520999,"Route optimization, Fuel cost management",74,0,0,0,0,1
Vivek,Sharma,CTO,Company423,Manager,Engineering,1036,Supply Chain,"IoT, React, Microservices",Gurgaon,Haryana,India,"165 Tech Road, Gurgaon, Haryana, India",+91 9380836835,"Microservices, React, IoT",56536627,14005205,9686838,"FUEL COST MANAGEMENT, ASSET TRACKING VISIBILITY",77,0,0,0,0,1
Priya,Singh,Product Head,Company125,Product,Engineering,600,Retail,"React, VBScript, IoT",Chennai,Tamil Nadu,India,"60 Tech Road, Chennai, Tamil Nadu, India",+91 7302319147,"VBScript, Java, React, IoT",45226767,17581356,609329,"Fuel cost management, Asset tracking visibility",88,0,0,0,0,1
Deepak,Nair,Fleet Manager,Company497,Fleet,Engineering,7808,Retail,"IoT, Lisp, AWS",Bangalore,Karnataka,India,"184 Tech Road, Bangalore, Karnataka, India",+91 8628127279,"Lisp, GPS Tracking, AWS, IoT",44983817,12817166,8391665,"Fuel cost management, Predictive maintenance, Slow hiring",76,0,0,0,0,0
Deepak,Iyer,Intern,Company679,Manager,Engineering,3534,Logistics Tech,"aws, React, GPS Tracking",Gurgaon,Haryana,India,"36 Tech Road, Gurgaon, Haryana, India",+91 7269209012,"React, aws, GPS Tracking",19551987,5558362,1079616,"Fuel cost management, asset tracking visibility",72,0,0,0,0,0
Sneha,Das,QA Tester,Company514,QA,Engineering,1453,Retail,"IoT, GPS Tracking, Java",Bangalore,Karnataka,India,"123 Tech Road, Bangalore, Karnataka, India",+91 9847986622,"Java, GPS Tracking, IoT",23651403,6197167,4300585,"Predictive maintenance, Asset tracking visibility",84,0,0,0,0,0
Ritu,Iyer,Intern,Company707,Manager,Engineering,731,Fleet Management,"PostgreSQL, GPS Tracking, microservices",Mumbai,Maharashtra,India,"167 Tech Road, Mumbai, Maharashtra, India",+91 9220424297,"PostgreSQL, microservices, GPS Tracking",34218318,11366207,8823623,"ROUTE OPTIMIZATION, Predictive maintenance",79,0,0,0,0,0
Neha,Reddy,CTO,Company668,Manager,Engineering,2292,Retail,"PostgreSQL, aws, Java",Pune,Maharashtra,India,"151 Tech Road, Pune, Maharashtra, India",+91 8827414482,"aws, Java, PostgreSQL",27027209,7662737,3395231,"Route optimization, Asset tracking visibility, Legacy tools",75,0,0,0,0,0
Priya,Iyer,Jr Engineer,Company400,Jr,Engineering,1061,Logistics Tech,"Microservices, Fortran, GPS Tracking",Chennai,Tamil Nadu,India,"111 Tech Road, Chennai, Tamil Nadu, India",+91 9538177946,"Microservices, AWS, GPS Tracking, Fortran",39225206,1605688,729562,"Fuel cost management, Asset tracking visibility",90,0,0,0,0,0
Kiran,Patel,VP of Operations,Company795,VP,Engineering,9171,Logistics Tech,"React, Microservices, postgresql",Mumbai,Maharashtra,India,"1 Tech Road, Mumbai, Maharashtra, India",+91 9401549184,"Microservices, postgresql, React",40965675,3865170,2648949,"Fuel cost management, ASSET TRACKING VISIBILITY",84,0,0,0,0,0
Deepak,Singh,Business Analyst,Company633,Business,Engineering,3010,Logistics Tech,"Java, AWS, Microservices",Mumbai,Maharashtra,India,"180 Tech Road, Mumbai, Maharashtra, India",+91 9635263590,"Microservices, Java, AWS",28634986,10729003,2866461,"Route optimization, PREDICTIVE MAINTENANCE",90,0,0,0,0,0
Deepak,Das,QA Tester,Company837,QA,Engineering,632,Retail,"Java, IoT, GPS Tracking",Hyderabad,Telangana,India,"113 Tech Road, Hyderabad, Telangana, India",+91 8066286913,"COBOL, Java, GPS Tracking, IoT",66472469,13698350,5713923,"Route optimization, Fuel cost management",63,0,0,0,0,0
Neha,Sharma,VP of Operations,Company498,VP,Engineering,5353,Supply Chain,"COBOL, Java, AWS",Pune,Maharashtra,India,"134 Tech Road, Pune, Maharashtra, India",+91 9149566224,"COBOL, Java, AWS, IoT",40836079,3793434,814781,"Predictive maintenance, Asset tracking visibility",78,0,0,0,0,0
Deepak,Iyer,Intern,Company759,Manager,Engineering,936,Retail,"GPS Tracking, Microservices, React",Gurgaon,Haryana,India,"16 Tech Road, Gurgaon, Haryana, India",+91 9851283785,"React, Microservices, GPS Tracking",46990084,23423851,15088422,"Low adoption, fuel cost management, asset tracking visibility",90,0,0,0,0,0
Deepak,Sharma,VP of Operations,Company491,VP,Engineering,1108,Retail,"PostgreSQL, GPS Tracking, IoT",Chennai,Tamil Nadu,India,"43 Tech Road, Chennai, Tamil Nadu, India",+91 9278257692,"PostgreSQL, GPS Tracking, IoT",62938995,29902691,12326678,"UI bugs, Fuel cost management, Predictive maintenance",76,0,0,0,0,0
Amit,Verma,CTO,Company193,Manager,Engineering,5629,Mobility,"React, Java, Microservices",Pune,Maharashtra,India,"34 Tech Road, Pune, Maharashtra, India",+91 7173929492,"Microservices, Java, React",62182551,26587988,18363039,"Route optimization, Asset tracking visibility",73,0,0,0,0,0
Neha,Joshi,Jr Engineer,Company400,Jr,Engineering,8591,Retail,"Java, React, Delphi",Gurgaon,Haryana,India,"60 Tech Road, Gurgaon, Haryana, India",+91 8623885496,"Delphi, Java, React, IoT",47565442,23496777,7196743,"Predictive maintenance, Asset tracking visibility",88,0,0,0,0,0
Deepak,Nair,QA Tester,Company620,QA,Engineering,5121,Retail,"AWS, Delphi, PostgreSQL",Chennai,Tamil Nadu,India,"102 Tech Road, Chennai, Tamil Nadu, India",+91 9578260241,"Delphi, AWS, PostgreSQL, React",38433487,8784004,8045497,"Fuel cost management, Predictive maintenance",71,0,0,0,0,0
Deepak,Nair,VP of Operations,Company658,VP,Engineering,5918,Retail,"IoT, React, Java",Bangalore,Karnataka,India,"47 Tech Road, Bangalore, Karnataka, India",+91 9816777923,"Lisp, Java, React, IoT",51359303,13937022,1163741,"Route optimization, Predictive maintenance",69,0,0,0,0,0
Raj,Nair,CTO,Company511,Manager,Engineering,279,Retail,"iot, GPS Tracking, PostgreSQL",Gurgaon,Haryana,India,"143 Tech Road, Gurgaon, Haryana, India",+91 8604021228,"iot, PostgreSQL, GPS Tracking",34914728,9664548,1838646,"Predictive maintenance, Asset tracking visibility",87,0,0,0,0,0
Raj,Nair,Intern,Company496,Manager,Engineering,1648,Retail,"Delphi, java, React",Mumbai,Maharashtra,India,"60 Tech Road, Mumbai, Maharashtra, India",+91 8128874770,"Delphi, java, PostgreSQL, React",62677706,24162775,19113777,"Fuel cost management, Asset tracking visibility",86,0,0,0,0,0
Kiran,Iyer,CTO,Company725,Manager,Engineering,4038,Mobility,"GPS Tracking, IoT, postgresql",Bangalore,Karnataka,India,"174 Tech Road, Bangalore, Karnataka, India",+91 9369151853,"postgresql, GPS Tracking, IoT",33401760,6572464,5250746,"Fuel cost management, PREDICTIVE MAINTENANCE",75,0,0,0,0,0
Priya,Joshi,QA Tester,Company270,QA,Engineering,1039,Retail,"gps tracking, PostgreSQL, AWS",Hyderabad,Telangana,India,"88 Tech Road, Hyderabad, Telangana, India",+91 9560760670,"gps tracking, PostgreSQL, AWS",25230586,8780997,3445974,"Route optimization, FUEL COST MANAGEMENT",84,0,0,0,0,0
Vivek,Kumar,Business Analyst,Company150,Business,Engineering,9168,Retail,"Lisp, COBOL, Fortran",Chennai,Tamil Nadu,India,"24 Tech Road, Chennai, Tamil Nadu, India",+91 8945774796,"COBOL, Fortran, Lisp",428742953,49212214,35219832,"Low adoption, UI bugs",31,0,0,0,0,0
Vivek,Joshi,Intern,Company138,Manager,Engineering,3704,Retail,"Delphi, COBOL, VBSCRIPT",Chennai,Tamil Nadu,India,"63 Tech Road, Chennai, Tamil Nadu, India",+91 8837271962,"COBOL, VBSCRIPT, Delphi",159776310,16628206,9657338,"UI bugs, Slow hiring, SLOW HIRING",36,0,0,0,0,0
Ritu,Reddy,Business Analyst,Company605,Business,Engineering,8465,Retail,"VBScript, FORTRAN, Lisp",Gurgaon,Haryana,India,"150 Tech Road, Gurgaon, Haryana, India",+91 9101173575,"VBScript, Lisp, FORTRAN",343499488,59148705,5935576,"UI bugs, Low adoption",48,0,0,0,0,0
Anil,Das,Intern,Company994,Manager,Engineering,2892,Retail,"VBScript, LISP, COBOL",Mumbai,Maharashtra,India,"169 Tech Road, Mumbai, Maharashtra, India",+91 8493732973,"VBScript, COBOL, LISP",124695762,33086803,31705443,"UI bugs, Slow hiring, Legacy tools",20,0,0,0,0,0
Sneha,Joshi,QA Tester,Company216,QA,Engineering,3945,Retail,"Lisp, Fortran, COBOL",Bangalore,Karnataka,India,"67 Tech Road, Bangalore, Karnataka, India",+91 8811163455,"COBOL, Fortran, Lisp",258956707,89713431,41938253,"UI bugs, Slow hiring",30,0,0,0,0,0
Priya,Nair,Intern,Company808,Manager,Engineering,46,Retail,"COBOL, delphi, VBScript",Gurgaon,Haryana,India,"111 Tech Road, Gurgaon, Haryana, India",+91 8504934417,"VBScript, COBOL, delphi",453181294,161173802,58299359,"Slow hiring, low adoption",40,0,0,0,0,0
Amit,Nair,Jr Engineer,Company697,Jr,Engineering,9940,Retail,"delphi, COBOL, Lisp",Hyderabad,Telangana,India,"4 Tech Road, Hyderabad, Telangana, India",+91 7099598084,"vbscript, COBOL, delphi, Lisp",351205300,10688591,6082504,"UI bugs, Slow hiring",12,0,0,0,0,0
Amit,Iyer,QA Tester,Company894,QA,Engineering,8364,Retail,"Fortran, VBScript, Lisp",Chennai,Tamil Nadu,India,"106 Tech Road, Chennai, Tamil Nadu, India",+91 7166819551,"VBScript, Fortran, Lisp",226799919,99317700,95347692,"Low adoption, Legacy tools",43,0,0,0,0,0
Neha,Kumar,Business Analyst,Company119,Business,Engineering,4348,Retail,"VBScript, Fortran, Delphi",Bangalore,Karnataka,India,"140 Tech Road, Bangalore, Karnataka, India",+91 8852380273,"VBScript, Delphi, Fortran",490255857,18439821,4543158,"Legacy tools, ui bugs",21,0,0,0,0,0
Raj,Joshi,Jr Engineer,Company316,Jr,Engineering,5868,Retail,"Delphi, Lisp, Fortran",Mumbai,Maharashtra,India,"151 Tech Road, Mumbai, Maharashtra, India",+91 8674628292,"Delphi, Fortran, Lisp",268345306,108281398,65078499,"Slow hiring, Legacy tools",55,0,0,0,0,0
Priya,Singh,QA Tester,Company227,QA,Engineering,4230,Retail,"Delphi, VBScript, lisp",Hyderabad,Telangana,India,"33 Tech Road, Hyderabad, Telangana, India",+91 9602257668,"lisp, VBScript, Delphi",19710754,8782793,5922094,"Low adoption, Slow hiring",39,0,0,0,0,0
Vivek,Reddy,QA Tester,Company590,QA,Engineering,9759,Retail,"DELPHI, Fortran, VBScript",Bangalore,Karnataka,India,"20 Tech Road, Bangalore, Karnataka, India",+91 9972808142,"VBScript, DELPHI, Fortran",193248394,47781494,17049704,"Slow hiring, Legacy tools",55,0,0,0,0,0
Deepak,Patel,Business Analyst,Company625,Business,Engineering,9433,Retail,"Delphi, FORTRAN, Lisp",Gurgaon,Haryana,India,"14 Tech Road, Gurgaon, Haryana, India",+91 7447870640,"Lisp, Delphi, FORTRAN",395656064,60342133,39735352,"Slow hiring, UI BUGS",17,0,0,0,0,0
Sneha,Singh,Intern,Company145,Manager,Engineering,4136,Retail,"delphi, VBScript, Fortran",Bangalore,Karnataka,India,"5 Tech Road, Bangalore, Karnataka, India",+91 9716128633,"VBScript, Fortran, delphi",90826848,9836869,4621554,"UI bugs, Legacy tools, Low adoption",13,0,0,0,0,0
Amit,Kumar,Intern,Company155,Manager,Engineering,3729,Retail,"COBOL, Lisp, VBScript",Mumbai,Maharashtra,India,"183 Tech Road, Mumbai, Maharashtra, India",+91 8068161322,"VBScript, COBOL, Lisp",65954460,24028218,20241366,"Legacy tools, slow hiring",40,0,0,0,0,0
Sneha,Iyer,Intern,Company829,Manager,Engineering,2272,Retail,"Lisp, Delphi, Fortran",Gurgaon,Haryana,India,"152 Tech Road, Gurgaon, Haryana, India",+91 8782462613,"Delphi, Fortran, Lisp",237843637,74482922,13821305,"UI bugs, slow hiring",42,0,0,0,0,0
Raj,Sharma,QA Tester,Company729,QA,Engineering,6333,Retail,"COBOL, Delphi, Fortran",Pune,Maharashtra,India,"116 Tech Road, Pune, Maharashtra, India",+91 9466582470,"COBOL, Delphi, Fortran",110639562,51737501,38743010,"UI bugs, Slow hiring",51,0,0,0,0,0
Priya,Das,Business Analyst,Company183,Business,Engineering,6756,Retail,"FORTRAN, Lisp, COBOL",Mumbai,Maharashtra,India,"168 Tech Road, Mumbai, Maharashtra, India",+91 9259442623,"COBOL, Lisp, FORTRAN",257446218,125629162,43685612,"UI BUGS, Legacy tools",22,0,0,0,0,0
Kiran,Sharma,Jr Engineer,Company945,Jr,Engineering,7159,Retail,"Lisp, COBOL, Fortran",Pune,Maharashtra,India,"193 Tech Road, Pune, Maharashtra, India",+91 9584973774,"COBOL, Fortran, Lisp",408115724,179105299,73942185,"Slow hiring, ui bugs",53,0,0,0,0,0
Neha,Reddy,Jr Engineer,Company352,Jr,Engineering,2223,Retail,"Fortran, Lisp, VBScript",Chennai,Tamil Nadu,India,"173 Tech Road, Chennai, Tamil Nadu, India",+91 9343232535,"VBScript, Fortran, Lisp",105768871,43071538,16453920,"Slow hiring, Legacy tools",34,0,0,0,0,0
Anil,Das,Business Analyst,Company295,Business,Engineering,5557,Retail,"cobol, Fortran, VBScript",Bangalore,Karnataka,India,"9 Tech Road, Bangalore, Karnataka, India",+91 7725838415,"VBScript, Fortran, cobol",66644000,13112803,3111664,"Slow hiring, Legacy tools",14,0,0,0,0,0
Anil,Sharma,Jr Engineer,Company514,Jr,Engineering,3859,Retail,"Delphi, COBOL, lisp",Pune,Maharashtra,India,"197 Tech Road, Pune, Maharashtra, India",+91 9183274324,"lisp, COBOL, Delphi",155651891,70634588,7856188,"Slow hiring, ui bugs",25,0,0,0,0,0
Deepak,Singh,QA Tester,Company216,QA,Engineering,1981,Retail,"Delphi, Fortran, Lisp",Pune,Maharashtra,India,"108 Tech Road, Pune, Maharashtra, India",+91 7350655282,"Delphi, Fortran, Lisp",21550379,5208143,1172824,"LEGACY TOOLS, Low adoption",52,0,0,0,0,0
Deepak,Patel,QA Tester,Company937,QA,Engineering,1858,Retail,"Lisp, Fortran, delphi",Chennai,Tamil Nadu,India,"103 Tech Road, Chennai, Tamil Nadu, India",+91 9624812974,"delphi, Lisp, Fortran",364530751,7151352,6832681,"Slow hiring, Legacy tools",46,0,0,0,0,0
Deepak,Singh,QA Tester,Company882,QA,Engineering,8936,Retail,"COBOL, Delphi, Lisp",Hyderabad,Telangana,India,"62 Tech Road, Hyderabad, Telangana, India",+91 7353242646,"COBOL, Lisp, Delphi",302562634,41025175,12090168,"Legacy tools, low adoption",20,0,0,0,0,0
Deepak,Kumar,Business Analyst,Company544,Business,Engineering,9127,Retail,"Fortran, Delphi, lisp",Pune,Maharashtra,India,"29 Tech Road, Pune, Maharashtra, India",+91 8994287331,"lisp, Delphi, Fortran",51438798,3322038,1180348,"UI bugs, Slow hiring",26,0,0,0,0,0
Vivek,Nair,QA Tester,Company537,QA,Engineering,6807,Retail,"LISP, COBOL, vbscript",Hyderabad,Telangana,India,"170 Tech Road, Hyderabad, Telangana, India",+91 9052395629,"COBOL, vbscript, LISP",233844679,39697893,38625989,"Slow hiring, Legacy tools",19,0,0,0,0,0
Sneha,Das,Business Analyst,Company913,Business,Engineering,7233,Retail,"Delphi, VBScript, Lisp",Hyderabad,Telangana,India,"1 Tech Road, Hyderabad, Telangana, India",+91 8383320602,"VBScript, Delphi, Lisp",327003266,84027455,27089810,"Low adoption, slow hiring",37,0,0,0,0,0
Raj,Sharma,Jr Engineer,Company531,Jr,Engineering,1076,Retail,"Delphi, fortran, COBOL",Pune,Maharashtra,India,"170 Tech Road, Pune, Maharashtra, India",+91 7039693158,"COBOL, fortran, Lisp, Delphi",15760377,7467407,1535139,"UI bugs, Low adoption",35,0,0,0,0,0
Anil,Kumar,Intern,Company209,Manager,Engineering,7327,Retail,"VBScript, Delphi, COBOL",Gurgaon,Haryana,India,"109 Tech Road, Gurgaon, Haryana, India",+91 9772772054,"VBScript, Delphi, COBOL",485333558,4065332,1160041,"UI bugs, Low adoption",13,0,0,0,0,0
Kiran,Patel,Jr Engineer,Company498,Jr,Engineering,27,Retail,"COBOL, Delphi, fortran",Pune,Maharashtra,India,"163 Tech Road, Pune, Maharashtra, India",+91 9468985003,"COBOL, Delphi, fortran",6013558,2772995,1807522,"UI bugs, Low adoption",52,0,0,0,0,0
Vivek,Joshi,Business Analyst,Company817,Business,Engineering,7628,Retail,"Lisp, Fortran, Delphi",Mumbai,Maharashtra,India,"33 Tech Road, Mumbai, Maharashtra, India",+91 7428085583,"Delphi, Fortran, Lisp",334002704,8645234,5719354,"Low adoption, UI bugs",46,0,0,0,0,0
Kiran,Iyer,QA Tester,Company577,QA,Engineering,5721,Retail,"COBOL, Delphi, Lisp",Chennai,Tamil Nadu,India,"116 Tech Road, Chennai, Tamil Nadu, India",+91 7849736919,"COBOL, Lisp, Delphi",97114941,28352785,1441689,"UI bugs, Legacy tools",45,0,0,0,0,0
Vivek,Joshi,Business Analyst,Company162,Business,Engineering,6180,Retail,"COBOL, Fortran, lisp",Bangalore,Karnataka,India,"123 Tech Road, Bangalore, Karnataka, India",+91 7526349897,"lisp, COBOL, Fortran, Lisp",464904108,31921680,18152806,"Low adoption, Slow hiring",28,0,0,0,0,0
Amit,Kumar,Jr Engineer,Company889,Jr,Engineering,950,Retail,"Delphi, Fortran, COBOL",Mumbai,Maharashtra,India,"168 Tech Road, Mumbai, Maharashtra, India",+91 9095954369,"COBOL, Delphi, Fortran",391978144,26604390,3741607,"Low adoption, Slow hiring",42,0,0,0,0,0
Ritu,Singh,Intern,Company365,Manager,Engineering,216,Retail,"Delphi, VBScript, Fortran",Hyderabad,Telangana,India,"148 Tech Road, Hyderabad, Telangana, India",+91 8744061609,"VBScript, Delphi, Fortran",260129025,98468361,68688346,"UI bugs, Legacy tools",40,0,0,0,0,0
Ritu,Nair,Business Analyst,Company354,Business,Engineering,8288,Retail,"COBOL, Lisp, Fortran",Mumbai,Maharashtra,India,"94 Tech Road, Mumbai, Maharashtra, India",+91 8246709745,"VBScript, COBOL, Fortran, Lisp",219103249,53429598,27107181,"Legacy tools, slow hiring",19,0,0,0,0,0
Ritu,Reddy,Jr Engineer,Company656,Jr,Engineering,6948,Retail,"Fortran, Delphi, VBScript",Bangalore,Karnataka,India,"69 Tech Road, Bangalore, Karnataka, India",+91 7190456522,"VBScript, Delphi, Fortran, Lisp",211543504,19351976,11915928,"Low adoption, Slow hiring",23,0,0,0,0,0
Ritu,Das,QA Tester,Company287,QA,Engineering,8994,Retail,"delphi, LISP, VBScript",Mumbai,Maharashtra,India,"86 Tech Road, Mumbai, Maharashtra, India",+91 7642579217,"VBScript, delphi, LISP",153305604,39936747,4753246,"Low adoption, Slow hiring",46,0,0,0,0,0
Kiran,Verma,QA Tester,Company938,QA,Engineering,1314,Retail,"VBScript, Fortran, COBOL",Pune,Maharashtra,India,"200 Tech Road, Pune, Maharashtra, India",+91 9452092506,"VBScript, COBOL, Fortran",146133871,37876868,29472079,"UI bugs, Low adoption",37,0,0,0,0,0
Anil,Reddy,Business Analyst,Company766,Business,Engineering,8690,Retail,"vbscript, Delphi, lisp",Pune,Maharashtra,India,"73 Tech Road, Pune, Maharashtra, India",+91 9696658969,"lisp, Delphi, vbscript",191671193,86819167,72548544,"UI bugs, Low adoption",58,0,0,0,0,0
Amit,Joshi,QA Tester,Company704,QA,Engineering,1763,Retail,"Delphi, Fortran, COBOL",Hyderabad,Telangana,India,"157 Tech Road, Hyderabad, Telangana, India",+91 7537018428,"COBOL, Delphi, Fortran",97671284,3747127,1172114,"Low adoption, Legacy tools",56,0,0,0,0,0
Raj,Reddy,Intern,Company299,Manager,Engineering,515,Retail,"Delphi, COBOL, lisp",Mumbai,Maharashtra,India,"76 Tech Road, Mumbai, Maharashtra, India",+91 7414134064,"lisp, COBOL, Delphi",55817239,9607178,4451979,"Slow hiring, ui bugs",35,0,0,0,0,0
Kiran,Das,Jr Engineer,Company617,Jr,Engineering,6472,Retail,"Delphi, Lisp, Fortran",Gurgaon,Haryana,India,"154 Tech Road, Gurgaon, Haryana, India",+91 7586959352,"COBOL, Delphi, Fortran, Lisp",173362925,77299763,67487855,"Low adoption, legacy tools",32,0,0,0,0,0
Kiran,Nair,QA Tester,Company225,QA,Engineering,702,Retail,"DELPHI, COBOL, Lisp",Gurgaon,Haryana,India,"106 Tech Road, Gurgaon, Haryana, India",+91 7601140485,"COBOL, DELPHI, Lisp",242308041,92337833,54846395,"Low adoption, UI bugs",52,0,0,0,0,0
Priya,Singh,Intern,Company111,Manager,Engineering,760,Retail,"Lisp, Fortran, VBScript",Pune,Maharashtra,India,"120 Tech Road, Pune, Maharashtra, India",+91 7246054987,"VBScript, Fortran, Lisp",95809511,15627634,6765778,"Legacy tools, ui bugs",49,0,0,0,0,0
Ritu,Sharma,Jr Engineer,Company865,Jr,Engineering,9159,Retail,"LISP, VBScript, COBOL",Mumbai,Maharashtra,India,"6 Tech Road, Mumbai, Maharashtra, India",+91 7205358992,"VBScript, COBOL, LISP",195300583,24290477,22676027,"Low adoption, Legacy tools",52,0,0,0,0,0
Ritu,Reddy,QA Tester,Company261,QA,Engineering,4306,Retail,"fortran, delphi, VBScript",Pune,Maharashtra,India,"5 Tech Road, Pune, Maharashtra, India",+91 8401581895,"VBScript, fortran, delphi",493516184,162025887,73403665,"Slow hiring, UI BUGS",39,0,0,0,0,0
Raj,Singh,Business Analyst,Company993,Business,Engineering,6278,Retail,"COBOL, VBScript, DELPHI",Pune,Maharashtra,India,"180 Tech Road, Pune, Maharashtra, India",+91 7409298754,"VBScript, COBOL, DELPHI",289300921,22076922,2839020,"Low adoption, Legacy tools",26,0,0,0,0,0
Sneha,Singh,Jr Engineer,Company991,Jr,Engineering,9901,Retail,"delphi, Fortran, VBScript",Mumbai,Maharashtra,India,"71 Tech Road, Mumbai, Maharashtra, India",+91 7236041390,"VBScript, delphi, Fortran",259533056,125336180,78829438,"UI bugs, legacy tools",19,0,0,0,0,0
